,pickup_datetime,dropoff_datetime,pickup_latitude,pickup_longitude,dropoff_latitude,dropoff_longitude,trip_distance_miles,fare_amount,passenger_count,payment_type
0,2023-02-20 17:27:00,2023-02-20 17:49:00,40.808941,-73.914482,40.807336,-73.90527,1.03,5.84$,5.0,Credit Card
1,2023-02-28 19:41:00,2023-02-28 20:07:00,40.685842,-73.855449,40.663358,-73.826745,4.02,15.6£,4.0,Unknown
2,2023-02-14 08:37:00,2023-02-14 09:07:00,40.668055,-74.04505,40.642572,-74.055617,3.04,2192.65¥,5.0,Credit Card
3,2023-01-16 23:54:00,2023-01-17 00:40:00,40.765394,-73.753324,40.775285,-73.775441,2.67,0,4.0,Credit Card
4,2023-02-11 01:16:00,2023-02-11 01:35:00,40.815841,-73.727328,40.836115,-73.746976,3.11,13.7€,3.0,Credit Card
5,2023-01-09 06:27:00,2023-01-09 06:55:00,40.726932,-73.857315,40.752378,-73.885385,4.18,10.08£,4.0,Credit Card
6,2023-01-11 20:24:00,2023-01-11 20:41:00,40.894229,-73.956193,40.88752,-73.93676,2.27,10.6$,2.0,Credit Card
7,2023-01-02 06:40:00,2023-01-02 07:02:00,40.805449,-73.703416,40.831748,-73.728847,4.03,2712.12¥,4.0,Cash
8,2023-01-17 06:44:00,2023-01-17 07:24:00,40.74428,-73.915882,40.763468,-73.892262,3.36,13.06$,4.0,Credit Card
9,2023-02-02 03:25:00,2023-02-02 04:07:00,40.717635,-73.807221,40.713078,-73.834314,3.03,10.19$,4.0,Credit Card
10,2023-01-06 09:08:00,2023-01-06 09:57:00,40.702953,-73.808517,40.697333,-73.789718,2.16,1905.77¥,4.0,Cash
11,2023-02-07 13:55:00,2023-02-07 14:36:00,40.818715,-73.897992,40.808724,-73.916246,2.3,6.7£,4.0,Credit Card
12,2023-01-20 17:12:00,2023-01-20 17:19:00,40.731572,-73.980295,40.705719,-74.00891,4.25,2769.5¥,1.0,Credit Card
13,2023-02-24 00:50:00,2023-02-24 01:39:00,40.617903,-73.711697,40.588487,-73.699605,3.51,11.08£,2.0,Cash
14,2023-01-14 10:05:00,2023-01-14 10:39:00,48.04893509325423,-113.28162289293275,43.59966866410038,-81.68120451342048,3.7,2834.62¥,5.0,Credit Card
15,2023-01-27 18:36:00,2023-01-27 19:32:00,28.05893803283254,-110.34117288197089,46.178180365735045,-82.48602738616825,2.1,8.64£,,Credit Card
16,2023-02-21 04:26:00,2023-02-21 05:04:00,26.495755622641752,-120.12685199854285,37.96972058526002,-89.32341488209198,3.3,2017.42¥,3.0,Credit Card
17,2023-01-22 10:35:00,2023-01-22 10:40:00,40.652636,-73.947109,40.632078,-73.969827,3.38,14.33$,3.0,Cash
18,2023-02-27 16:06:00,2023-02-27 16:25:00,40.759465,-73.760015,40.771011,-73.782491,2.79,9.64£,3.0,Credit Card
19,2023-01-23 20:25:00,2023-01-23 20:33:00,40.759548,-73.921457,40.773368,-73.908066,2.12,7.43€,1.0,Cash
20,2023-02-15 03:46:00,2023-02-15 04:06:00,40.79032,-74.020828,40.787903,-73.992499,3.14,2236.07¥,1.0,Cash
21,2023-02-28 22:14:00,2023-02-28 22:19:00,40.85483,-73.981292,40.831889,-73.996617,3.04,10.91€,3.0,Credit Card
22,2023-02-28 11:20:00,2023-02-28 11:59:00,40.817337,-73.748869,40.830507,-73.754935,1.6,12.16$,5.0,Credit Card
23,2023-01-25 12:20:00,2023-01-25 13:05:00,40.783307,-73.70804,40.808126,-73.715577,2.86,,2.0,Credit Card
24,2023-01-10 17:26:00,2023-01-10 18:07:00,40.816733,-73.956206,40.808704,-73.970798,1.84,5.36£,3.0,Credit Card
25,2023-01-30 03:46:00,2023-01-30 03:52:00,40.696888,-73.813607,40.712412,-73.800845,2.22,1786.37¥,5.0,Credit Card
26,2023-02-18 15:03:00,2023-02-18 15:46:00,40.708537,-74.02158,40.723052,-74.035302,2.2,9.81€,3.0,Unknown
27,2023-02-16 15:55:00,2023-02-16 16:19:00,40.668479,-73.796787,40.641721,-73.795922,2.95,,4.0,Unknown
28,2023-02-26 05:43:00,2023-02-26 06:20:00,40.688114,-73.904247,40.661457,-73.926462,3.83,2896.65¥,4.0,Cash
29,2023-01-13 16:24:00,2023-01-13 16:45:00,40.789293,-73.728644,40.79989,-73.707766,2.58,12.75€,5.0,Credit Card
30,2023-01-26 22:16:00,2023-01-26 22:39:00,40.627631,-73.940962,40.647486,-73.92972,2.52,12.31€,3.0,Credit Card
31,2023-01-27 12:40:00,2023-01-27 13:40:00,40.73011,-73.720487,40.755344,-73.718161,2.79,15.55$,5.0, CREDIT CARD 
32,2023-02-17 08:34:00,2023-02-17 09:10:00,40.729259,-73.873863,40.707759,-73.867018,2.49,11.89$,1.0,Credit Card
33,2023-01-20 10:18:00,2023-01-20 10:22:00,40.748106,-73.927887,40.753109,-73.944425,,1511.9¥,5.0,Cash
34,2023-01-10 08:02:00,2023-01-10 08:40:00,40.727749,-73.823543,40.714672,-73.8029,2.7,8.23£,3.0,Cash
35,2023-01-19 11:35:00,2023-01-19 12:26:00,40.693678,-73.962589,40.67704,-73.985244,3.1,13.35$,4.0,Credit Card
36,2023-01-07 03:56:00,2023-01-07 04:19:00,40.727905,-73.969583,40.742209,-73.946714,2.97,11.5£,2.0,Credit Card
37,2023-02-22 04:48:00,2023-02-22 05:18:00,40.868017,-73.981279,40.862808,-73.97449,0.94,4.41£,5.0,Cash
38,2023-02-04 20:00:00,2023-02-04 20:38:00,40.883248,-73.714035,40.87951,-73.687613,2.94,8.67€,5.0,Credit Card
39,2023-01-22 20:44:00,2023-01-22 20:52:00,40.750551,-73.87748,40.771215,-73.89019,2.68,1556.87¥,4.0,Credit Card
40,2023-02-06 06:47:00,2023-02-06 07:12:00,40.787186,-73.786935,40.771507,-73.760812,3.36,18.08$,5.0,Credit Card
41,2023-02-18 18:30:00,2023-02-18 18:43:00,40.634686,-73.884103,40.636386,-73.875804,0.93,3.35£,4.0,Cash
42,2023-02-06 12:50:00,2023-02-06 13:09:00,40.695186,-73.844361,40.714848,-73.873762,3.9,2740.03¥,3.0,Credit Card
43,2023-01-09 02:36:00,2023-01-09 03:27:00,40.724448,-73.845551,40.702361,-73.869378,3.58,15.27€,4.0,Cash
44,2023-02-04 10:01:00,2023-02-04 10:29:00,40.859893,-73.70704,40.865664,-73.701468,0.88,5.72$,1.0,Credit Card
45,2023-02-05 13:34:00,2023-02-05 13:54:00,40.675137,-73.816048,40.695368,-73.840344,3.49,,1.0,Credit Card
46,2023-01-28 16:59:00,2023-01-28 17:31:00,40.74491,-73.966081,40.760778,-73.951208,2.4,12.97€,1.0,Credit Card
47,2023-02-15 16:32:00,2023-02-15 17:02:00,40.895668,-74.044681,40.918737,-74.034363,2.79,8.74£,3.0,Credit Card
48,2023-01-18 21:55:00,2023-01-18 22:49:00,40.755846,-73.973461,40.727799,-73.992221,3.72,2811.36¥,3.0,credit card
49,2023-01-27 08:53:00,2023-01-27 09:32:00,40.783868,-73.890568,40.795356,-73.882353,1.56,7.69£,5.0,Cash
50,,2029-02-05 06:15:00,40.636189,-73.912303,40.618425,-73.9083,2.01,0,4.0,Cash
51,2023-02-23 07:59:00,2023-02-23 08:45:00,40.847902,-73.765686,40.851323,-73.780906,1.72,12.17$,4.0,Credit Card
52,2023-02-10 11:48:00,2023-02-10 11:50:00,32.5995501673127,-96.45468698100875,34.07715046095001,-100.44362222521903,2.28,10.38€,1.0,Credit Card
53,2023-01-22 09:06:00,2023-01-22 09:41:00,40.76352,-74.018816,40.758732,-74.033738,1.73,8.37€,4.0,Credit Card
54,2023-01-31 19:01:00,2023-01-31 19:10:00,40.702829,-73.716796,40.715081,-73.694913,2.77,14.46€,4.0,Cash
55,2023-02-01 22:19:00,2023-02-01 22:29:00,40.691236,-73.86539,40.711661,-73.871616,2.35,11.67$,2.0,Cash
56,2023-02-15 02:29:00,2023-02-15 02:38:00,40.725107,-73.841259,40.75185,-73.841542,2.95,2084.1¥,1.0,Credit Card
57,2023-02-12 21:21:00,2023-02-12 22:08:00,40.80439,-73.90823,40.807096,-73.898551,1.11,6.84$,4.0,cash
58,2023-01-10 06:58:00,2023-01-10 07:01:00,40.862637,-73.822675,40.851603,-73.799697,2.81,239,5.0,Dispute
59,2023-01-03 02:32:00,2023-01-03 03:03:00,40.753127,-73.745036,40.746528,-73.747666,,1052.9¥,3.0,Credit Card
60,2023-02-19 00:47:00,2023-02-19 01:32:00,40.800794,-73.814122,40.82273,-73.804828,2.63,,4.0,Credit Card
61,2023-02-13 16:17:00,2023-02-13 16:56:00,40.775781,-73.710466,40.7602,-73.704655,1.83,1922.83¥,,Credit Card
62,2023-01-15 15:27:00,2023-01-15 16:07:00,40.787471,-73.804607,40.810467,-73.830278,3.8,17.01€,1.0,Credit Card
63,2023-01-13 14:54:00,2023-01-13 15:09:00,40.802407,-73.762398,40.775877,-73.754424,3.06,11.46£,5.0,Credit Card
64,2023-01-26 00:39:00,2023-01-26 00:42:00,40.852703,-74.034236,40.880982,-74.061454,4.33,14.37€,4.0,Cash
65,,2029-01-11 18:37:00,40.624958,-73.814556,40.602105,-73.814219,2.52,12.38€,2.0,Credit Card
66,2023-01-19 21:07:00,2023-01-19 21:44:00,40.829105,-73.820837,40.852108,-73.844445,3.64,12.5£,2.0,Credit Card
67,,2029-01-31 10:12:00,40.6731,-74.014389,40.675546,-74.007868,0.77,8.13€,1.0,Credit Card
68,,2029-01-31 10:12:00,40.6731,-74.014389,40.675546,-74.007868,0.77,8.13€,1.0,Credit Card
69,2023-01-11 18:11:00,2023-01-11 18:19:00,40.658267,-73.755164,40.661947,-73.741905,1.52,,2.0,Credit Card
70,2023-01-24 02:45:00,2023-01-24 02:56:00,40.771737,-73.83504,40.800576,-73.817893,3.7,16.12€,3.0,Credit Card
71,2023-01-24 02:45:00,2023-01-24 02:56:00,40.771737,-73.83504,40.800576,-73.817893,3.7,16.12€,3.0,Credit Card
72,2023-01-31 06:03:00,2023-01-31 07:01:00,40.628714,-74.015585,40.655795,-74.010184,3.05,8.68£,2.0,Credit Card
73,2023-01-22 12:45:00,2023-01-22 12:47:00,40.865598,-73.841937,40.883515,-73.812579,3.79,13.42$,5.0,Credit Card
74,,2029-02-05 21:56:00,40.788175,-73.882554,40.79727,-73.890961,1.37,5.95€,,Credit Card
75,,2026-02-06 02:11:00,40.817025,-73.968347,40.827687,-73.997667,3.44,12.9$,,Credit Card
76,2023-02-04 22:26:00,2023-02-04 22:33:00,40.604839,-74.043085,40.582847,-74.02398,3.21,1913.53¥,5.0,Credit Card
77,2023-02-04 22:26:00,2023-02-04 22:33:00,40.604839,-74.043085,40.582847,-74.02398,,1913.53¥,5.0,Credit Card
78,2023-01-19 20:00:00,2023-01-19 20:45:00,42.44802845676074,-73.40760644013383,32.28330648678387,-110.74106207750114,0.38,5.43€,5.0,Credit Card
79,2023-01-20 21:18:00,2023-01-20 21:33:00,49.083234693508736,-73.03372517435793,38.126808318363764,-90.80682205193403,0.55,6.49€,5.0,Credit Card
80,2023-02-03 11:55:00,2023-02-03 12:41:00,40.647688,-73.934752,40.623802,-73.913932,3.49,13.07$,5.0,Credit Card
81,2023-02-12 11:43:00,2023-02-12 12:40:00,40.645921,-73.942461,40.616601,-73.956741,3.6,2933.87¥,5.0,Credit Card
82,2023-02-26 01:39:00,2023-02-26 02:19:00,40.808659,-73.787108,40.779635,-73.797503,3.4,1932.13¥,5.0,credit card
83,2023-02-25 00:44:00,2023-02-25 01:22:00,40.69563,-73.784481,40.709878,-73.808679,3.1,9.7£,4.0,Credit Card
84,2023-02-27 23:06:00,2023-02-27 23:35:00,40.807591,-73.798432,40.804438,-73.787524,1.25,9.67€,4.0,Credit Card
85,2023-01-01 13:26:00,2023-01-01 14:16:00,40.766315,-74.014586,40.765749,-74.031807,1.9,12.62$,3.0,Credit Card
86,2023-03-01 19:58:00,2023-03-01 20:58:00,40.716685,-73.869342,40.701899,-73.848148,2.85,7.84£,1.0,Cash
87,2023-02-27 21:38:00,2023-02-27 22:03:00,40.87754,-73.85477,40.87999,-73.848154,0.78,1549.12¥,2.0,Cash
88,2023-02-20 16:26:00,2023-02-20 16:41:00,40.852501,-73.789318,40.830133,-73.764636,3.67,2108.91¥,3.0,Credit Card
89,2023-01-16 23:30:00,2023-01-16 23:57:00,40.707219,-73.733888,40.687032,-73.760228,3.66,14.39$,4.0,Credit Card
90,2023-03-01 06:43:00,2023-03-01 07:30:00,40.613077,-73.920836,40.632136,-73.891334,3.87,12.05€,5.0,Credit Card
91,2023-02-20 07:59:00,2023-02-20 08:22:00,40.69143,-73.899968,40.663076,-73.9061,3.2,10.82£,5.0,Credit Card
92,2023-01-26 00:28:00,2023-01-26 01:05:00,40.719456,-73.793531,40.744417,-73.790792,2.77,11.65£,1.0,Credit Card
93,2023-02-09 00:34:00,2023-02-09 01:32:00,40.811488,-73.818077,40.801779,-73.809453,1.43,9.75€,1.0,Cash
94,2023-01-08 08:41:00,2023-01-08 09:26:00,40.898608,-73.854746,40.924537,-73.855629,2.86,11.25£,2.0,Credit Card
95,2023-02-07 15:17:00,2023-02-07 15:42:00,40.706774,-73.927451,40.680596,-73.925778,2.89,10.2£,5.0,Credit Card
96,2023-02-11 23:07:00,2023-02-11 23:24:00,40.828764,-73.981627,40.817526,-73.986597,1.36,6.94€,4.0,Cash
97,2023-01-23 21:15:00,2023-01-23 21:53:00,40.777953,-73.985667,40.783543,-74.004454,2.16,8.42£,2.0,Credit Card
98,2023-01-04 00:36:00,2023-01-04 01:26:00,40.807511,-74.021446,40.833779,-73.993279,4.25,13.48€,,Credit Card
99,2023-01-10 16:58:00,2023-01-10 17:43:00,40.645338,-74.02158,40.620738,-74.003514,3.37,,2.0,Cash
100,2023-01-04 09:30:00,2023-01-04 10:00:00,40.719663,-73.753971,40.738214,-73.748097,2.15,1961.6¥,5.0,Credit Card
101,2023-02-02 03:25:00,2023-02-02 04:20:00,40.672257,-73.915715,40.679038,-73.94232,3.03,1969.35¥,4.0,No Charge
102,,2031-02-02 10:10:00,40.703037,-74.028741,40.711437,-74.005058,,12.28$,3.0,Cash
103,2023-02-15 16:33:00,2023-02-15 16:49:00,40.753938,-73.736251,40.783477,-73.761607,4.29,13.93£,2.0,Credit Card
104,2023-02-02 20:24:00,2023-02-02 21:12:00,40.799987,-73.971855,40.789252,-73.954924,2.21,12.2$,3.0,CREDIT CARD
105,2023-02-02 20:24:00,2023-02-02 21:12:00,40.799987,-73.971855,40.789252,-73.954924,2.21,12.2$,3.0,Credit Card
106,2023-01-24 14:28:00,2023-01-24 15:07:00,40.631773,-73.956156,40.623384,-73.982627,3.06,8.13£,2.0,Credit Card
107,2023-02-24 00:31:00,2023-02-24 01:12:00,41.403872434850285,-116.09698309966642,33.39187673048345,-107.69467863073301,1.75,11.69$,2.0,Cash
108,2023-01-13 21:19:00,2023-01-13 22:12:00,40.696594,-73.711375,40.704099,-73.6907,2.43,9.42£,4.0,Credit Card
109,2023-01-02 17:09:00,2023-01-02 17:53:00,40.798469,-74.010611,40.787174,-74.013626,1.29,5.65£,4.0,Credit Card
110,2023-02-23 12:03:00,2023-02-23 12:41:00,40.853952,-73.797243,40.866331,-73.793968,1.41,5.89£,1.0,Credit Card
111,2023-01-25 23:08:00,2023-01-25 23:52:00,40.765977,-73.723769,40.740905,-73.703514,3.55,2726.08¥,,Credit Card
112,2023-01-16 07:23:00,2023-01-16 07:30:00,40.856336,-73.8162,40.838024,-73.787958,3.71,15.21€,3.0,Credit Card
113,2023-01-11 20:37:00,2023-01-11 20:40:00,40.715451,-73.749446,40.686246,-73.77838,4.53,2312.05¥,1.0,Credit Card
114,2023-01-13 19:29:00,2023-01-13 20:05:00,40.695036,-73.965144,40.710014,-73.987356,2.95,13.77€,2.0,Cash
115,2023-01-13 00:05:00,2023-01-13 01:01:00,40.706279,-73.814125,40.733153,-73.792276,3.82,14.04£,3.0,Credit Card
116,2023-01-03 18:45:00,2023-01-03 19:38:00,40.651325,-73.804695,40.667447,-73.793982,2.13,1452.98¥,1.0,Credit Card
117,2023-02-27 08:13:00,2023-02-27 08:34:00,40.848734,-73.889584,40.829106,-73.903242,2.64,11.92€,5.0,Cash
118,2023-01-27 00:02:00,2023-01-27 00:15:00,37.06902302905335,-85.2779277890912,40.037654181957215,-92.42213699719656,,1457.63¥,4.0,Cash
119,2023-02-18 04:57:00,2023-02-18 05:25:00,40.765711,-73.806965,40.775982,-73.830294,2.81,2401.99¥,5.0,Credit Card
120,2023-02-25 12:05:00,2023-02-25 13:02:00,40.773565,-73.736793,40.762132,-73.765072,3.36,14.88$,2.0,Unknown
121,2023-02-15 20:52:00,2023-02-15 20:55:00,40.75646,-73.786378,40.750869,-73.772459,1.65,10.56$,3.0,Credit Card
122,2023-02-04 11:36:00,2023-02-04 12:06:00,40.600806,-73.867898,40.586155,-73.854454,2.19,9.07$,3.0,Credit Card
123,2023-02-04 16:16:00,2023-02-04 17:13:00,40.896504,-73.875459,40.898557,-73.863802,1.31,8.9$,5.0,Cash
124,2023-01-04 10:47:00,2023-01-04 11:45:00,40.871602,-73.891195,40.893771,-73.868128,3.53,16.55€,4.0,Cash
125,2023-02-25 08:58:00,2023-02-25 09:49:00,40.662291,-74.042424,40.646672,-74.055225,2.23,1925.93¥,3.0,CREDIT CARD
126,2023-01-30 22:55:00,2023-01-30 23:07:00,40.687747,-73.862701,40.689519,-73.867283,0.54,1524.31¥,3.0,No Charge
127,2023-02-01 19:50:00,2023-02-01 19:54:00,40.756003,-73.901959,40.765903,-73.916925,,8.7€,4.0,Cash
128,2023-02-23 00:34:00,2023-02-23 00:37:00,40.870573,-73.994863,40.840968,-73.987345,3.37,12.98£,1.0,Credit Card
129,2023-02-28 05:21:00,2023-02-28 05:24:00,40.895089,-74.008326,40.880268,-74.000105,1.87,2087.2¥,5.0,Credit Card
130,2023-02-08 14:19:00,2023-02-08 15:11:00,40.677263,-73.892727,40.681299,-73.89826,0.76,8.88$,4.0,Cash
131,2023-02-27 06:59:00,2023-02-27 07:59:00,40.769308,-74.03603,40.78882,-74.009923,3.59,11.49£,3.0,Cash
132,2023-01-08 13:46:00,2023-01-08 14:21:00,32.84997337122812,-71.8668529667691,38.855191307005576,-115.82547014839301,1.8,1809.63¥,5.0,Cash
133,2023-02-10 18:24:00,2023-02-10 18:54:00,40.718311,-73.917658,40.742242,-73.892599,3.82,2285.69¥,5.0,Credit Card
134,2023-01-24 02:03:00,2023-01-24 02:11:00,40.819322,-73.916262,40.838796,-73.902434,2.63,1974.0¥,1.0,Credit Card
135,2023-01-17 11:03:00,2023-01-17 11:31:00,40.648321,-74.032106,40.641965,-74.005787,2.99,1756.91¥,5.0,Credit Card
136,2023-02-15 03:08:00,2023-02-15 03:12:00,40.78021,-73.900665,40.799018,-73.885203,2.69,14.73$,4.0,Cash
137,2023-02-21 13:31:00,2023-02-21 13:39:00,40.859759,-74.044489,40.880714,-74.061008,2.94,2417.49¥,1.0,Cash
138,2023-02-28 20:03:00,2023-02-28 20:50:00,40.895056,-74.039467,40.881956,-74.028087,1.91,9.32£,,cash
139,2023-01-21 00:51:00,2023-01-21 01:06:00,40.62381,-73.931315,40.600719,-73.947009,3.08,14.67€,3.0,Credit Card
140,2023-01-30 07:54:00,2023-01-30 08:33:00,40.728504,-73.762661,40.704559,-73.775224,2.98,2433.0¥,4.0,Credit Card
141,2023-03-01 21:41:00,2023-03-01 22:33:00,46.569302495567236,-115.62895548464266,47.13242612523776,-112.21937645616589,3.12,13.39$,5.0,Credit Card
142,2023-01-18 02:19:00,2023-01-18 02:31:00,45.710733299648425,-119.4406296739505,36.90140979834898,-80.88011697399827,0.04,4.45€,2.0,Credit Card
143,2023-01-02 06:59:00,2023-01-02 07:06:00,40.764329,-73.992873,40.774616,-73.996832,1.22,9.11€,3.0,Credit Card
144,2023-01-18 17:35:00,2023-01-18 17:51:00,40.627998,-73.791027,40.621401,-73.766599,2.79,11.85£,5.0,Credit Card
145,2023-01-18 11:30:00,2023-01-18 11:36:00,40.689058,-73.791597,40.705873,-73.786009,1.95,12.93$,2.0,Credit Card
146,,2031-01-12 05:55:00,40.878275,-73.785917,40.897728,-73.794331,2.34,11.3€,4.0,Credit Card
147,2023-01-30 03:28:00,2023-01-30 03:37:00,40.770701,-73.926916,40.794253,-73.919515,2.72,11.27€,5.0,Credit Card
148,2023-01-27 12:20:00,2023-01-27 13:08:00,40.737224,-73.926703,40.74573,-73.936211,,8.14£,2.0,Credit Card
149,2023-01-18 14:34:00,2023-01-18 14:45:00,40.826058,-73.769274,40.849585,-73.749094,3.42,12.3£,4.0,Credit Card
150,2023-01-18 14:34:00,2023-01-18 14:45:00,40.826058,-73.769274,40.849585,-73.749094,3.42,254,4.0,Credit Card
151,2023-02-14 07:00:00,2023-02-14 07:10:00,40.822559,-73.910652,40.84457,-73.935307,3.65,18.86$,2.0,Credit Card
152,2023-02-14 12:14:00,2023-02-14 12:37:00,40.614574,-73.795483,40.600872,-73.81236,2.4,13.88$,4.0,credit card
153,2023-01-28 03:46:00,2023-01-28 04:20:00,40.812609,-73.846607,40.817922,-73.870964,2.75,8.81£,1.0,Unknown
154,2023-02-20 01:46:00,2023-02-20 02:21:00,40.851773,-73.92248,40.837503,-73.900451,2.89,14.54$,4.0,Unknown
155,2023-02-26 15:45:00,2023-02-26 15:57:00,40.649781,-74.021998,40.658051,-74.035674,1.76,10.13£,1.0,Cash
156,2023-02-26 15:47:00,2023-02-26 16:40:00,40.834299,-74.009356,40.858128,-73.979672,4.2,14.09€,2.0,Credit Card
157,2023-02-06 05:21:00,2023-02-06 06:02:00,40.685961,-73.738654,40.684949,-73.75954,2.31,6.87£,,Dispute
158,2023-02-15 00:14:00,2023-02-15 01:10:00,40.691941,-73.891681,40.711415,-73.902231,2.44,8.76€,4.0,Credit Card
159,,2030-02-01 01:14:00,40.799578,-73.702098,40.770605,-73.678499,4.12,12.66€,5.0,Credit Card
160,2023-01-29 13:56:00,2023-01-29 14:21:00,40.633418,-73.922636,40.655446,-73.914513,2.59,1829.79¥,3.0,Credit Card
161,2023-01-09 06:34:00,2023-01-09 07:05:00,40.799462,-73.962516,40.826114,-73.962828,2.94,12.51$,3.0,Credit Card
162,2023-01-10 07:48:00,2023-01-10 08:20:00,40.866357,-73.927311,40.855161,-73.947482,2.54,1642.16¥,4.0,Credit Card
163,2023-02-16 12:50:00,2023-02-16 13:22:00,40.808893,-73.92992,40.821472,-73.912464,2.37,2215.91¥,3.0,credit card
164,2023-02-16 12:50:00,2023-02-16 13:22:00,40.808893,-73.92992,40.821472,-73.912464,2.37,2215.91¥,3.0,Credit Card
165,2023-01-14 13:56:00,2023-01-14 14:22:00,40.732098,-73.826925,40.751252,-73.836944,2.38,0,1.0,Credit Card
166,2023-01-05 12:41:00,2023-01-05 13:22:00,40.731464,-74.045542,40.70892,-74.030355,3.0,,1.0,Dispute
167,2023-02-13 20:38:00,2023-02-13 21:21:00,40.829529,-73.782856,40.824396,-73.777888,0.79,1314.97¥,3.0,Credit Card
168,2023-01-03 21:44:00,2023-01-03 21:59:00,40.769693,-73.904255,40.752088,-73.897255,2.09,10.06€,3.0,Credit Card
169,2023-01-24 12:15:00,2023-01-24 13:15:00,40.625471,-73.898716,40.640265,-73.909199,2.0,6.5€,5.0,Credit Card
170,2023-01-15 19:01:00,2023-01-15 19:45:00,40.774801,-73.88161,40.769156,-73.907107,2.88,14.97€,1.0,Credit Card
171,2023-01-22 07:39:00,2023-01-22 08:08:00,40.844453,-73.892776,40.814461,-73.887056,3.37,14.36£,1.0,Credit Card
172,2023-01-23 10:03:00,2023-01-23 10:38:00,40.70112,-73.875885,40.686878,-73.861275,2.25,11.26€,1.0,Credit Card
173,2023-02-06 16:11:00,2023-02-06 16:56:00,40.878273,-73.928933,40.860471,-73.92437,2.03,13.44$,1.0,Credit Card
174,2023-01-01 07:05:00,2023-01-01 07:59:00,40.825215,-73.891329,40.799701,-73.885259,2.89,13.34€,2.0,Credit Card
175,2023-01-04 00:22:00,2023-01-04 00:59:00,40.772219,-73.908372,40.774068,-73.896527,1.32,9.91$,3.0,Credit Card
176,2023-02-15 13:48:00,2023-02-15 13:55:00,40.825493,-73.868615,40.81571,-73.895927,3.2,13.23$,3.0,Cash
177,2023-01-11 13:01:00,2023-01-11 13:38:00,40.623745,-73.831856,40.606881,-73.848435,2.61,13.88$,4.0,Cash
178,2023-02-25 01:02:00,2023-02-25 01:29:00,40.857817,-73.965636,40.884017,-73.958804,2.99,10.26£,5.0,Cash
179,2023-01-27 01:13:00,2023-01-27 01:16:00,40.846451,-73.872047,40.835878,-73.89391,,1687.13¥,2.0,Credit Card
180,2023-01-10 01:47:00,2023-01-10 02:24:00,40.872961,-73.841882,40.850624,-73.855665,2.89,2146.13¥,2.0,Dispute
181,2023-02-14 23:40:00,2023-02-15 00:07:00,40.638589,-74.044068,40.63998,-74.071367,3.01,9.72€,2.0,Credit Card
182,2023-02-19 02:05:00,2023-02-19 02:44:00,40.624534,-73.867827,40.648074,-73.88491,3.21,,2.0,Cash
183,2023-01-28 12:37:00,2023-01-28 13:26:00,40.641525,-73.966247,40.658202,-73.995551,3.72,15.99$,5.0,Unknown
184,2023-01-23 09:55:00,2023-01-23 09:59:00,40.719814,-73.908412,40.698705,-73.889313,3.14,0,1.0,Credit Card
185,,2028-02-07 21:37:00,40.727292,-73.760714,40.715231,-73.755449,1.45,1783.27¥,2.0,Credit Card
186,2023-02-26 12:01:00,2023-02-26 12:12:00,40.768666,-73.935818,40.752896,-73.933016,1.77,5.76£,2.0,Credit Card
187,2023-02-02 20:33:00,2023-02-02 21:12:00,40.636673,-73.880874,40.662331,-73.910537,4.33,13.48$,1.0,Credit Card
188,2023-01-10 13:47:00,2023-01-10 14:28:00,40.66042,-74.041341,40.647177,-74.020333,2.74,13.12€,5.0,Credit Card
189,2023-01-11 12:17:00,2023-01-11 12:47:00,40.843493,-73.941937,40.823656,-73.971933,3.97,2988.14¥,2.0,Cash
190,2023-02-05 09:03:00,2023-02-05 09:35:00,40.740396,-73.826098,40.737703,-73.808859,1.92,7.67€,5.0,Cash
191,2023-02-04 14:15:00,2023-02-04 14:45:00,40.842381,-73.939693,40.849088,-73.956556,2.0,8.71€,4.0,Credit Card
192,2023-02-01 11:37:00,2023-02-01 12:32:00,40.602228,-73.977971,40.581739,-73.958759,3.1,13.25$,1.0,Credit Card
193,2023-02-16 06:02:00,2023-02-16 06:15:00,40.765478,-73.948271,40.736948,-73.970523,3.99,16.44€,1.0,Credit Card
194,2023-01-24 18:04:00,2023-01-24 18:13:00,40.87958,-73.715968,40.855266,-73.713127,2.7,14.67$,5.0,Credit Card
195,2023-02-06 23:24:00,2023-02-06 23:46:00,40.774653,-74.019619,40.78371,-74.047852,3.27,15.94€,3.0,Credit Card
196,2023-02-03 18:39:00,2023-02-03 19:14:00,40.661829,-73.887825,40.641636,-73.884546,2.26,1966.25¥,3.0,Credit Card
197,2023-02-08 13:36:00,2023-02-08 13:53:00,40.815327,-74.029565,40.800858,-74.051584,2.91,2200.4¥,4.0,Credit Card
198,2023-01-05 12:28:00,2023-01-05 12:53:00,40.713696,-73.86147,40.724239,-73.843103,2.34,1592.54¥,5.0,Credit Card
199,2023-02-16 20:35:00,2023-02-16 20:59:00,40.800515,-73.998887,40.822797,-74.014713,3.01,11.66€,5.0,Credit Card
200,2023-02-24 11:56:00,2023-02-24 12:37:00,40.608796,-73.82807,40.635956,-73.851114,3.93,12.35£,,Cash
201,2023-02-14 01:27:00,2023-02-14 02:13:00,40.79077,-73.957461,40.783785,-73.985636,3.2,16.16$,,Credit Card
202,2023-02-03 05:59:00,2023-02-03 06:27:00,40.609659,-73.80818,40.593242,-73.803731,1.88,7.29€,,Credit Card
203,2023-02-05 01:39:00,2023-02-05 02:38:00,40.823434,-73.928499,40.837782,-73.918781,1.91,9.63$,5.0,Credit Card
204,2023-02-05 19:22:00,2023-02-05 19:31:00,40.741874,-74.048541,40.754619,-74.024851,2.97,13.28€,3.0,Credit Card
205,2023-01-01 17:59:00,2023-01-01 18:47:00,40.636526,-73.946787,40.664992,-73.973081,4.27,11.62£,4.0,Credit Card
206,2023-03-02 00:00:00,2023-03-02 00:09:00,40.762791,-74.021337,40.738664,-74.027822,2.76,9.54€,4.0,Cash
207,2023-02-17 11:27:00,2023-02-17 12:03:00,40.620032,-73.876736,40.642721,-73.89695,3.35,10.97£,5.0,Cash
208,2023-01-13 12:56:00,2023-01-13 13:06:00,40.796009,-73.948888,40.776549,-73.948756,2.15,12.44€,4.0,Credit Card
209,2023-01-02 21:55:00,2023-01-02 22:44:00,40.898826,-73.826003,40.913666,-73.841698,2.38,1964.7¥,,Credit Card
210,2023-02-18 18:26:00,2023-02-18 19:18:00,40.830819,-73.875022,40.860545,-73.88036,3.33,12.83€,3.0,Credit Card
211,2023-02-04 17:10:00,2023-02-04 17:19:00,40.772132,-74.037384,40.756039,-74.045267,1.98,7.76€,2.0,Credit Card
212,2023-01-18 02:40:00,2023-01-18 03:23:00,40.630791,-73.938478,40.645321,-73.927078,2.04,9.28£,3.0,Credit Card
213,2023-02-09 01:48:00,2023-02-09 01:55:00,40.80995,-73.878829,40.8264,-73.864315,2.42,6.89£,4.0,Credit Card
214,2023-02-14 15:32:00,2023-02-14 16:20:00,40.79835,-73.849729,40.785208,-73.854249,1.53,,4.0,Credit Card
215,2023-02-13 15:36:00,2023-02-13 15:43:00,40.614729,-74.013295,40.640003,-74.028655,3.26,8.55£,5.0,Cash
216,2023-01-31 07:08:00,2023-01-31 07:51:00,40.83769,-73.82251,40.81187,-73.804831,3.45,12.74€,3.0,Credit Card
217,2023-01-21 03:49:00,2023-01-21 04:07:00,40.755615,-73.929706,40.739348,-73.908829,2.92,2071.7¥,4.0,Credit Card
218,2023-02-03 08:58:00,2023-02-03 09:52:00,40.72776,-73.985978,40.715435,-73.983577,1.38,5.45£,2.0, CREDIT CARD 
219,2023-02-14 09:39:00,2023-02-14 10:08:00,40.836456,-73.768136,40.811859,-73.783161,3.18,12.28€,1.0,Credit Card
220,2023-02-16 19:17:00,2023-02-16 19:39:00,40.723471,-74.025982,40.708186,-74.008948,2.52,1992.61¥,5.0,Credit Card
221,2023-02-01 15:59:00,2023-02-01 16:13:00,40.744308,-73.724581,40.761538,-73.733218,2.13,,4.0,Credit Card
222,2023-02-15 05:54:00,2023-02-15 06:23:00,40.654489,-73.802807,40.640523,-73.777685,3.17,12.01$,5.0,Credit Card
223,2023-02-16 07:48:00,2023-02-16 07:54:00,40.696396,-73.883543,40.696793,-73.89754,1.54,8.23$,1.0,Credit Card
224,2023-01-24 00:46:00,2023-01-24 00:58:00,40.85366,-74.046094,40.831781,-74.019678,3.78,11.75€,1.0,Credit Card
225,2023-01-02 04:22:00,2023-01-02 04:49:00,40.656071,-73.913456,40.661572,-73.917781,0.77,4.48£,2.0,Credit Card
226,2023-01-15 02:54:00,2023-01-15 03:09:00,40.725187,-73.823971,40.73184,-73.808774,1.83,10.16$,2.0,Credit Card
227,,2027-01-07 11:21:00,40.89671,-73.74938,40.879806,-73.766847,2.68,11.04€,4.0,Credit Card
228,2023-01-19 01:48:00,2023-01-19 02:47:00,40.67098,-73.833783,40.645459,-73.826295,2.93,1941.44¥,3.0,Credit Card
229,2023-02-06 04:49:00,2023-02-06 04:53:00,40.87505,-73.910802,40.887157,-73.90587,1.44,9.93$,1.0,Dispute
230,2023-01-08 06:37:00,2023-01-08 07:34:00,40.875519,-73.893424,40.883525,-73.898206,1.03,1223.48¥,4.0,Credit Card
231,2023-01-22 04:34:00,2023-01-22 05:29:00,40.627389,-73.744347,40.626324,-73.730221,1.56,,1.0,Credit Card
232,2023-02-11 00:53:00,2023-02-11 01:07:00,40.739096,-73.927025,40.762821,-73.907946,3.36,11.94£,5.0,Credit Card
233,2023-01-25 03:16:00,2023-01-25 03:34:00,40.750665,-74.027195,40.779301,-74.013559,3.5,2750.89¥,4.0,Cash
234,2023-01-28 12:47:00,2023-01-28 13:32:00,40.694101,-73.895065,40.708044,-73.876279,2.58,,5.0,Credit Card
235,2023-01-31 02:35:00,2023-01-31 03:30:00,40.614202,-73.700539,40.641938,-73.685828,3.46,17.24$,4.0,Cash
236,2023-01-18 14:27:00,2023-01-18 14:34:00,40.672506,-73.917079,40.651334,-73.938101,3.29,14.66€,3.0,Credit Card
237,2023-02-08 14:09:00,2023-02-08 14:33:00,40.628659,-73.982431,40.608232,-73.966087,2.89,11.06£,1.0,Credit Card
238,2023-02-12 05:00:00,2023-02-12 05:28:00,40.671475,-74.034204,40.701419,-74.052763,3.89,18.58$,,Credit Card
239,2023-02-16 14:51:00,2023-02-16 15:32:00,40.842337,-73.990161,40.83493,-74.014208,2.78,8.96£,4.0,cash
240,2023-02-21 04:33:00,2023-02-21 04:45:00,40.868493,-73.936577,40.872061,-73.912479,2.69,12.65€,3.0,Dispute
241,2023-01-09 09:16:00,2023-01-09 09:59:00,44.39268064265492,-82.62523784342542,47.08871471928529,-89.12539876278456,3.01,2246.92¥,3.0,Cash
242,2023-01-05 01:49:00,2023-01-05 01:53:00,40.690584,-73.817044,40.696823,-73.836455,2.25,1676.27¥,5.0,Cash
243,2023-01-18 03:25:00,2023-01-18 04:15:00,40.23393657970364,-95.23773665884259,45.214074452151806,-81.39482620057471,2.61,8.57€,2.0,Credit Card
244,2023-01-27 11:26:00,2023-01-27 12:20:00,40.761851,-73.722337,40.774289,-73.732366,1.76,8.76€,2.0,Cash
245,2023-01-25 06:37:00,2023-01-25 06:43:00,40.787893,-73.967527,40.809245,-73.989034,3.34,2744.69¥,,Credit Card
246,2023-02-28 14:37:00,2023-02-28 15:01:00,40.601664,-73.997828,40.599881,-73.979859,1.99,13.34$,3.0,Credit Card
247,2023-02-26 00:17:00,2023-02-26 01:03:00,38.5849254245129,-116.53742806072879,36.56899803651138,-96.26021892226291,3.94,2888.9¥,5.0,Cash
248,2023-01-05 15:52:00,2023-01-05 16:45:00,40.896499,-73.812845,40.874014,-73.785098,3.94,15.89$,1.0,Credit Card
249,2023-01-06 22:21:00,2023-01-06 22:31:00,40.712556,-73.942462,40.731016,-73.926145,2.72,2305.85¥,5.0,Cash
250,2023-02-24 11:56:00,2023-02-24 12:31:00,40.629111,-73.815696,40.613229,-73.802962,2.25,2034.48¥,3.0,Credit Card
251,2023-02-21 23:12:00,2023-02-21 23:54:00,40.738573,-73.946997,40.745701,-73.962648,1.9,12.78$,2.0,Credit Card
252,2023-01-07 02:19:00,2023-01-07 02:54:00,40.888901,-73.73424,40.905477,-73.718665,2.51,7.3£,2.0,Cash
253,2023-02-19 00:15:00,2023-02-19 00:36:00,40.702549,-73.741757,40.714609,-73.770404,,11.47€,2.0,Credit Card
254,2023-02-25 09:11:00,2023-02-25 10:01:00,40.839677,-74.025082,40.836053,-74.02185,0.54,4.02£,1.0,Credit Card
255,2023-02-12 11:22:00,2023-02-12 12:01:00,40.839654,-73.997359,40.865475,-74.008715,3.11,15.1$,1.0,Credit Card
256,2023-01-15 13:07:00,2023-01-15 13:47:00,40.662474,-73.805679,40.642184,-73.785742,3.14,16.16$,4.0,Credit Card
257,2023-02-08 09:40:00,2023-02-08 09:43:00,40.73301,-74.049958,40.746211,-74.034279,2.26,9.1€,4.0,Credit Card
258,2023-01-15 04:25:00,2023-01-15 05:00:00,40.81468,-73.762365,40.799871,-73.763095,1.64,8.8$,5.0,Credit Card
259,2023-01-14 14:13:00,2023-01-14 14:49:00,40.723156,-73.925316,40.734434,-73.926975,1.26,4.95€,2.0,Credit Card
260,2023-02-06 15:51:00,2023-02-06 16:40:00,40.657302,-73.789383,40.638739,-73.814994,,2175.59¥,5.0,Credit Card
261,2023-01-13 15:37:00,2023-01-13 16:13:00,40.890248,-74.034517,40.863115,-74.050437,3.47,12.52$,2.0,Credit Card
262,2023-01-20 01:27:00,2023-01-20 01:50:00,40.795225,-73.976757,40.812313,-73.964323,2.33,2256.22¥,2.0,Unknown
263,2023-02-24 12:44:00,2023-02-24 13:33:00,40.859638,-74.025218,40.878685,-74.05128,3.56,18.66$,2.0,Cash
264,2023-02-05 22:10:00,2023-02-05 22:56:00,40.607573,-73.987062,40.587318,-73.969826,2.93,11.59$,3.0,Credit Card
265,2023-02-07 19:48:00,2023-02-07 20:16:00,40.680072,-73.915453,40.698498,-73.886679,3.77,220,1.0,Credit Card
266,2023-02-04 16:32:00,2023-02-04 16:46:00,40.750621,-73.877957,40.740304,-73.903212,3.01,10.37£,1.0,Credit Card
267,2023-02-10 17:36:00,2023-02-10 18:06:00,40.620235,-73.729368,40.624503,-73.731894,0.55,6.67$,4.0,Cash
268,2023-01-14 11:31:00,2023-01-14 12:20:00,40.89791,-73.830489,40.904023,-73.825748,0.85,,3.0,Credit Card
269,2023-01-27 12:15:00,2023-01-27 13:03:00,40.670939,-73.802732,40.695757,-73.783958,3.43,10.44£,5.0,Dispute
270,2023-01-26 22:21:00,2023-01-26 22:43:00,36.644857684849704,-88.89052397695079,40.59391091019476,-119.70776254981465,2.36,11.3£,3.0,Cash
271,2023-02-22 10:14:00,2023-02-22 10:26:00,40.664204,-73.949625,40.686341,-73.958017,2.61,2620.63¥,5.0,Dispute
272,2023-01-21 10:24:00,2023-01-21 10:50:00,40.631634,-73.702894,40.626925,-73.682758,2.28,11.9€,3.0,Credit Card
273,2023-02-16 05:59:00,2023-02-16 06:19:00,40.669744,-73.853852,40.678934,-73.852761,1.02,9.29€,5.0,Credit Card
274,2023-01-13 11:53:00,2023-01-13 12:44:00,40.690183,-73.774264,40.671671,-73.794455,3.02,1620.45¥,2.0,Cash
275,2023-02-09 13:26:00,2023-02-09 14:04:00,40.790333,-74.038631,40.803066,-74.016466,2.82,1834.44¥,3.0,No Charge
276,2023-02-12 19:45:00,2023-02-12 19:51:00,40.68437,-74.020573,40.710036,-73.994406,4.04,15.04€,2.0,Cash
277,2023-01-28 03:02:00,2023-01-28 03:08:00,40.708683,-74.011768,40.704314,-73.997389,1.66,10.35$,2.0,Credit Card
278,2023-01-07 01:00:00,2023-01-07 01:13:00,40.601783,-74.04465,40.61062,-74.01623,,14.36$,2.0,Credit Card
279,2023-01-15 09:49:00,2023-01-15 10:12:00,40.709716,-73.727307,40.712374,-73.701716,2.84,10.95£,1.0,Credit Card
280,2023-01-29 16:26:00,2023-01-29 17:08:00,40.760166,-73.961228,40.731036,-73.983943,4.07,14.52€,2.0,Credit Card
281,2023-02-19 17:57:00,2023-02-19 18:30:00,40.648605,-73.701201,40.673072,-73.706646,2.76,11.27€,4.0,Credit Card
282,2023-01-22 02:31:00,2023-01-22 02:57:00,40.77923,-73.791655,40.797787,-73.785841,2.14,9.75€,4.0,Cash
283,2023-02-07 16:46:00,2023-02-07 17:14:00,40.687946,-73.962286,40.682875,-73.948343,1.64,7.64£,1.0,Credit Card
284,2023-02-19 21:21:00,2023-02-19 21:51:00,40.789615,-73.702868,40.765073,-73.700765,,14.73$,3.0,Cash
285,2023-01-02 20:29:00,2023-01-02 21:27:00,40.607859,-73.746013,40.598955,-73.737061,1.39,7.92$,4.0,Credit Card
286,2023-01-19 16:07:00,2023-01-19 16:31:00,40.866278,-73.992251,40.867817,-74.015242,2.54,10.96€,1.0,Credit Card
287,2023-01-05 18:26:00,2023-01-05 19:22:00,40.604836,-73.985137,40.589486,-73.99076,1.8,10.91€,4.0,Credit Card
288,2023-02-15 00:35:00,2023-02-15 01:29:00,40.638087,-73.811935,40.658038,-73.841523,3.94,2651.65¥,2.0,Credit Card
289,2023-02-12 21:27:00,2023-02-12 21:42:00,40.833149,-74.022602,40.820877,-74.013491,,7.64€,1.0,Credit Card
290,2023-02-27 22:36:00,2023-02-27 22:55:00,40.613769,-73.845416,40.596065,-73.865548,2.96,10.88€,3.0,Credit Card
291,2023-01-28 13:13:00,2023-01-28 13:21:00,40.8133,-74.026689,40.793671,-74.032451,2.26,8.05£,1.0,CREDIT CARD
292,2023-01-08 05:16:00,2023-01-08 05:21:00,40.891314,-73.972546,40.90489,-73.972627,1.5,11.82$,1.0,Credit Card
293,2023-01-19 20:01:00,2023-01-19 20:55:00,40.861505,-73.718046,40.864302,-73.708063,1.14,1431.27¥,4.0,Credit Card
294,2023-01-27 07:33:00,2023-01-27 07:59:00,40.813048,-73.8755,40.824807,-73.859706,2.17,2059.29¥,4.0,Credit Card
295,,2031-01-29 07:58:00,40.887553,-73.8492,40.874974,-73.836294,1.99,6.25€,2.0,No Charge
296,2023-01-26 19:43:00,2023-01-26 19:55:00,40.728944,-73.955611,40.722944,-73.951542,0.8,3.51£,2.0,Cash
297,2023-03-01 23:17:00,2023-03-01 23:53:00,40.861864,-73.895978,40.8856,-73.894252,2.62,9.52€,5.0,No Charge
298,2023-01-31 12:44:00,2023-01-31 13:08:00,40.706787,-74.003449,40.696611,-73.982035,2.61,8.43£,5.0,Credit Card
299,2023-01-03 16:54:00,2023-01-03 16:59:00,40.878929,-73.869184,40.903106,-73.847177,3.61,11.31€,5.0,Cash
300,2023-02-02 12:30:00,2023-02-02 13:05:00,40.644633,-74.031115,40.67261,-74.057403,4.23,2690.41¥,2.0,Credit Card
301,2023-02-12 11:04:00,2023-02-12 11:40:00,40.882009,-74.033113,40.853181,-74.046904,3.52,2626.83¥,2.0,Credit Card
302,2023-02-12 11:04:00,2023-02-12 11:40:00,40.882009,-74.033113,40.853181,-74.046904,3.52,2626.83¥,2.0,Credit Card
303,2023-02-28 02:39:00,2023-02-28 03:33:00,40.849815,-73.812123,40.849469,-73.786824,2.79,10.13£,2.0,Cash
304,2023-02-01 13:08:00,2023-02-01 13:28:00,40.853816,-74.030756,40.86114,-74.025197,1.01,7.91€,5.0,Cash
305,2023-02-03 09:03:00,2023-02-03 09:57:00,40.637177,-73.867551,40.607927,-73.889471,4.03,15.44€,2.0,Cash
306,2023-02-19 20:45:00,2023-02-19 20:53:00,40.778946,-73.956891,40.769956,-73.982623,3.01,14.24$,2.0,Credit Card
307,2023-02-10 14:18:00,2023-02-10 14:31:00,40.604918,-73.984307,40.5766,-74.008641,4.12,15.77€,3.0,Cash
308,2023-02-05 17:05:00,2023-02-05 17:22:00,40.816355,-73.849338,40.823345,-73.833148,1.94,8.44£,1.0,Cash
309,2023-02-26 15:03:00,2023-02-26 15:24:00,40.602321,-73.946238,40.600111,-73.962919,1.86,7.13$,5.0,Credit Card
310,2023-01-14 18:45:00,2023-01-14 19:34:00,40.625447,-73.890266,40.611222,-73.905689,2.31,6.66£,5.0,Credit Card
311,2023-01-17 21:38:00,2023-01-17 22:18:00,40.66765,-74.001359,40.684305,-74.023523,3.06,2259.33¥,2.0,Credit Card
312,2023-01-04 21:03:00,2023-01-04 22:02:00,40.862537,-74.00573,40.865112,-73.999751,0.72,4.56$,4.0,Credit Card
313,2023-01-26 12:22:00,2023-01-26 12:39:00,40.709073,-74.012715,40.699019,-74.011882,1.11,4.59€,4.0,Credit Card
314,2023-01-06 21:08:00,2023-01-06 21:21:00,40.761988,-74.024954,40.788106,-74.038061,3.22,2400.44¥,4.0,No Charge
315,2023-02-08 23:20:00,2023-02-08 23:39:00,40.770431,-73.8562,40.798981,-73.846713,3.32,12.75€,1.0,Credit Card
316,2023-02-26 17:09:00,2023-02-26 17:16:00,40.667639,-73.785398,40.648583,-73.768731,2.79,11.14$,3.0,Credit Card
317,2023-01-08 17:03:00,2023-01-08 17:38:00,40.771644,-73.772672,40.800348,-73.743896,4.48,,5.0,Disagreement
318,2023-02-07 08:22:00,2023-02-07 08:36:00,40.798286,-73.714754,40.803542,-73.716032,0.6,1364.59¥,2.0,Credit Card
319,2023-01-13 23:38:00,2023-01-14 00:06:00,40.689474,-73.991063,40.711995,-73.996284,,15.63$,4.0,Cash
320,2023-02-05 10:01:00,2023-02-05 10:38:00,40.725588,-74.002533,40.713078,-74.015003,1.95,9.58€,4.0,Credit Card
321,2023-02-14 07:13:00,2023-02-14 07:54:00,38.68958273831391,-70.14844924602095,34.28653876264384,-80.76018747928381,3.54,17.68$,5.0,Cash
322,2023-01-18 14:41:00,2023-01-18 15:20:00,40.879705,-73.748647,40.85046,-73.720315,4.49,2851.68¥,2.0,Credit Card
323,,2026-02-20 01:06:00,37.06418616429124,-114.67681781359364,39.8486800615477,-72.7219004327066,0.81,787.74¥,4.0,Cash
324,2023-01-03 05:47:00,2023-01-03 06:32:00,40.884476,-73.854638,40.854749,-73.846099,3.41,,5.0,cash
325,2023-01-05 01:11:00,2023-01-05 01:32:00,40.76681,-73.995126,40.763539,-73.983778,1.3,8.9£,2.0,Cash
326,2023-01-05 15:00:00,2023-01-05 15:42:00,40.750168,-73.913058,40.764807,-73.917661,1.69,,1.0,Dispute
327,2023-01-06 11:35:00,2023-01-06 12:33:00,40.60106,-73.798229,40.61116,-73.815008,2.16,10.63€,4.0,Credit Card
328,2023-02-05 09:15:00,2023-02-05 09:56:00,40.744267,-73.919306,40.758184,-73.933938,2.23,0,2.0,Cash
329,2023-01-23 13:45:00,2023-01-23 14:29:00,40.878236,-74.036308,40.883911,-74.029276,1.0,208,5.0,Credit Card
330,2023-01-16 22:49:00,2023-01-16 23:20:00,40.65951,-73.845641,40.686749,-73.837382,3.14,10.61£,4.0,Cash
331,2023-01-20 14:01:00,2023-01-20 14:32:00,40.615627,-73.797953,40.600034,-73.800238,1.74,10.05£,5.0,Credit Card
332,2023-02-02 21:49:00,2023-02-02 21:51:00,40.722034,-73.79983,40.746263,-73.82723,4.03,0,5.0,Cash
333,2023-01-31 13:39:00,2023-01-31 14:22:00,40.711719,-73.992297,40.740623,-73.969663,4.05,,4.0,Cash
334,2023-01-09 13:27:00,2023-01-09 13:36:00,40.857146,-73.932403,40.827359,-73.947744,3.7,289,3.0,Credit Card
335,2023-01-14 08:41:00,2023-01-14 09:08:00,40.607983,-73.90679,40.603852,-73.901928,0.7,9.09$,4.0,Cash
336,2023-01-02 13:36:00,2023-01-02 13:49:00,40.876045,-73.902832,40.886609,-73.888511,1.96,0,1.0,Credit Card
337,2023-01-03 05:05:00,2023-01-03 05:32:00,40.804271,-74.010045,40.811143,-74.028984,2.22,1378.55¥,3.0,Credit Card
338,,2029-02-10 14:32:00,40.871268,-73.915064,40.900622,-73.916666,3.24,,4.0,Unknown
339,2023-01-23 18:26:00,2023-01-23 18:58:00,40.782259,-73.872679,40.791881,-73.902598,3.47,14.55€,4.0,Credit Card
340,2023-01-11 13:14:00,2023-01-11 13:49:00,40.843586,-73.801304,40.850633,-73.828457,3.09,12.33£,3.0,Credit Card
341,2023-02-09 03:38:00,2023-02-09 03:50:00,40.700663,-73.850693,40.726243,-73.865664,3.27,10.4€,4.0,Credit Card
342,,2027-01-28 22:16:00,40.70487,-73.908274,40.728997,-73.898751,2.86,,,Credit Card
343,2023-01-14 14:22:00,2023-01-14 14:51:00,40.716962,-73.725341,40.737013,-73.70214,3.38,9.7£,2.0,Credit Card
344,2023-02-07 15:30:00,2023-02-07 16:30:00,40.826439,-73.840671,40.820882,-73.845202,0.79,6.26€,1.0,Cash
345,2023-01-24 08:45:00,2023-01-24 09:41:00,40.710787,-73.708823,40.722637,-73.737321,3.4,17.51$,,Credit Card
346,2023-01-24 08:45:00,2023-01-24 09:41:00,31.60078723107706,-100.38788066331122,26.07300793204077,-122.71026371580761,3.4,0,3.0,Credit Card
347,2023-02-25 02:14:00,2023-02-25 03:13:00,40.672666,-73.746418,40.700026,-73.758855,,8.5£,2.0,Credit Card
348,2023-01-18 11:08:00,2023-01-18 11:30:00,40.881301,-73.814231,40.865694,-73.786811,3.48,2775.7¥,4.0,Credit Card
349,2023-01-18 09:10:00,2023-01-18 09:48:00,40.872403,-73.73524,40.871682,-73.758567,2.57,8.27€,4.0,Credit Card
350,2023-02-09 04:06:00,2023-02-09 04:48:00,40.704639,-73.703066,40.720093,-73.687724,2.4,1856.15¥,2.0,Credit Card
351,2023-02-09 04:06:00,2023-02-09 04:48:00,40.704639,-73.703066,40.720093,-73.687724,2.4,1856.15¥,2.0,Credit Card
352,2023-02-26 04:38:00,2023-02-26 05:19:00,40.790391,-73.972693,40.796257,-73.957853,1.76,1192.47¥,4.0,Credit Card
353,2023-02-12 03:56:00,2023-02-12 03:59:00,40.682153,-73.80813,40.699178,-73.802735,1.97,8.96£,2.0,Credit Card
354,2023-02-21 11:23:00,2023-02-21 12:20:00,31.404778411954325,-120.5286042244662,25.1077579921358,-74.96962876702591,3.25,12.04€,,Credit Card
355,2023-01-25 07:39:00,2023-01-25 08:10:00,47.77127504108884,-99.87864046510867,49.17318815126991,-96.34174458891485,2.62,8.6£,1.0,Credit Card
356,2023-01-16 15:41:00,2023-01-16 16:13:00,40.69813,-73.770179,40.696403,-73.742189,3.09,8.3£,5.0, CREDIT CARD 
357,2023-01-21 21:18:00,2023-01-21 21:20:00,40.864683,-74.018709,40.874572,-73.999141,,10.95$,3.0,Credit Card
358,2023-01-07 17:44:00,2023-01-07 18:38:00,40.846691,-73.729206,40.852544,-73.711563,2.05,8.68$,5.0,Credit Card
359,,2029-02-22 09:51:00,40.812887,-73.835795,40.819527,-73.808732,3.07,2557.05¥,5.0,Credit Card
360,,2029-02-05 10:33:00,40.887804,-73.993276,40.863363,-73.986253,2.8,15.44$,5.0,Cash
361,2023-02-17 03:35:00,2023-02-17 03:59:00,40.726763,-74.036206,40.726242,-74.046865,1.18,5.02€,5.0,Credit Card
362,2023-02-14 02:39:00,2023-02-14 02:48:00,40.67351,-73.760262,40.655658,-73.784043,3.28,0,1.0,No Charge
363,2023-02-27 07:42:00,2023-02-27 08:41:00,40.63522,-74.001178,40.64786,-73.989522,,9.11£,2.0,Cash
364,2023-01-23 12:17:00,2023-01-23 12:33:00,40.690316,-73.721161,40.693821,-73.719764,0.42,2.35£,,Unknown
365,,2031-01-14 16:53:00,40.643579,-74.018197,40.649626,-74.02507,1.01,9.29$,3.0, CREDIT CARD 
366,2023-01-06 01:06:00,2023-01-06 01:35:00,40.627656,-73.756708,40.63339,-73.729723,3.04,9.02£,1.0, CREDIT CARD 
367,2023-01-27 10:54:00,2023-01-27 11:41:00,40.78088,-73.901764,40.769252,-73.877018,,15.78$,1.0,Credit Card
368,2023-01-27 10:54:00,2023-01-27 11:41:00,40.78088,-73.901764,40.769252,-73.877018,3.02,266,1.0,Credit Card
369,2023-01-09 15:09:00,2023-01-09 15:29:00,40.709256,-73.744543,40.684258,-73.751866,2.87,1828.24¥,2.0,Cash
370,2023-01-29 14:10:00,2023-01-29 14:22:00,40.769371,-73.780999,40.764156,-73.75427,3.0,8.31£,3.0,Credit Card
371,2023-02-28 03:31:00,2023-02-28 03:59:00,40.657401,-73.751491,40.645265,-73.75557,1.41,5.65£,4.0,Credit Card
372,2023-01-15 18:40:00,2023-01-15 19:17:00,40.803072,-73.885415,40.807254,-73.903047,2.0,0,2.0,Credit Card
373,2023-02-02 15:42:00,2023-02-02 16:18:00,40.664652,-73.800181,40.64804,-73.792942,2.0,9.12£,1.0,Credit Card
374,2023-02-14 23:01:00,2023-02-14 23:06:00,40.683407,-73.938466,40.666829,-73.962811,3.25,15.28$,4.0,Credit Card
375,2023-02-27 18:58:00,2023-02-27 19:38:00,40.822528,-74.033489,40.812037,-74.054329,,1425.07¥,3.0,Unknown
376,2023-02-06 10:30:00,2023-02-06 10:47:00,40.767921,-73.96866,40.748321,-73.949804,3.0,10.68€,1.0,Credit Card
377,2023-01-01 16:40:00,2023-01-01 16:45:00,40.700451,-74.049523,40.694572,-74.030377,2.21,11.98€,1.0,Credit Card
378,2023-01-28 12:05:00,2023-01-28 13:02:00,40.762897,-73.92294,40.782338,-73.938503,2.75,11.04$,4.0,Credit Card
379,2023-02-02 11:01:00,2023-02-02 11:53:00,44.47619327936964,-86.86635009149492,36.78807649683145,-117.52235718449785,2.85,9.71£,5.0,Credit Card
380,2023-01-07 01:28:00,2023-01-07 01:49:00,40.87364,-74.043208,40.850134,-74.014793,4.07,0,1.0,Credit Card
381,2023-02-26 15:01:00,2023-02-26 15:33:00,40.774214,-74.047295,40.764058,-74.019824,3.23,259,5.0,Credit Card
382,2023-01-02 19:24:00,2023-01-02 19:36:00,40.669806,-73.809738,40.676599,-73.813066,,5.19€,2.0,Cash
383,2023-02-16 03:01:00,2023-02-16 03:18:00,40.824009,-74.014847,40.807626,-73.993013,3.01,13.14€,3.0,Credit Card
384,2023-02-04 06:20:00,2023-02-04 07:09:00,40.833331,-74.024154,40.858499,-74.020728,2.8,7.81£,4.0,Cash
385,2023-01-17 11:22:00,2023-01-17 11:37:00,40.66012,-73.876541,40.672518,-73.872653,1.43,8.69$,5.0,Cash
386,2023-01-04 09:49:00,2023-01-04 10:07:00,40.846172,-73.798644,40.82939,-73.814288,2.53,1643.71¥,4.0,No Charge
387,2023-01-28 20:00:00,2023-01-28 20:10:00,40.73948,-73.707992,40.715881,-73.714939,2.71,1932.13¥,4.0,Credit Card
388,2023-01-08 00:17:00,2023-01-08 00:34:00,40.83393,-73.946611,40.808357,-73.963719,3.39,12.04€,5.0,Cash
389,2023-02-22 06:03:00,2023-02-22 06:29:00,40.671243,-74.008869,40.652522,-73.994322,2.61,11.5€,,Cash
390,2023-02-21 13:57:00,2023-02-21 14:04:00,40.699774,-74.026012,40.693507,-74.017577,1.16,8.11$,5.0,Unknown
391,2023-01-24 15:27:00,2023-01-24 15:48:00,40.886109,-73.977371,40.901156,-73.959103,2.61,8.13£,3.0,Credit Card
392,2023-02-27 07:39:00,2023-02-27 08:12:00,40.797345,-74.014981,40.775804,-74.007788,2.5,11.07£,3.0,No Charge
393,2023-01-10 00:48:00,2023-01-10 01:14:00,40.831863,-74.048815,40.804051,-74.062184,3.4,15.47$,5.0,Cash
394,2023-01-07 01:27:00,2023-01-07 01:47:00,40.806512,-73.950224,40.830014,-73.923073,3.96,17.65$,1.0,Credit Card
395,2023-02-25 04:10:00,2023-02-25 04:14:00,40.661291,-73.992528,40.651414,-73.983485,1.48,8.39$,3.0,Credit Card
396,2023-02-15 10:58:00,2023-02-15 11:33:00,40.741207,-74.043613,40.731028,-74.045032,1.13,9.46$,2.0,Cash
397,2023-01-27 08:00:00,2023-01-27 08:35:00,40.842689,-73.925879,40.844196,-73.909224,1.84,7.92£,5.0,CREDIT CARD
398,2023-01-12 07:59:00,2023-01-12 08:33:00,40.802511,-73.760929,40.7977,-73.775652,1.71,0,2.0,Credit Card
399,2023-01-18 13:03:00,2023-01-18 13:11:00,40.601808,-73.943718,40.589522,-73.925069,2.46,12.84$,3.0,Credit Card
400,,2026-02-21 12:17:00,40.626222,-73.801465,40.639157,-73.811167,1.78,,2.0,Credit Card
401,2023-02-21 19:32:00,2023-02-21 20:19:00,40.704038,-73.794943,40.721569,-73.820463,3.41,10.66$,4.0,Credit Card
402,2023-02-16 07:14:00,2023-02-16 07:22:00,40.88331,-74.041055,40.902886,-74.024083,2.86,12.71€,2.0,Credit Card
403,2023-02-23 07:56:00,2023-02-23 08:42:00,40.747357,-73.713375,40.763559,-73.731918,2.72,1775.52¥,3.0,No Charge
404,2023-01-17 10:39:00,2023-01-17 10:58:00,40.681053,-74.001347,40.692479,-73.992689,1.58,1699.53¥,2.0,cash
405,2023-02-21 10:39:00,2023-02-21 11:32:00,40.708127,-73.798887,40.689708,-73.8127,2.54,0,5.0,Credit Card
406,2023-02-11 19:16:00,2023-02-11 19:51:00,40.663196,-73.917195,40.677095,-73.906068,1.96,9.6$,1.0,credit card
407,2023-01-30 01:52:00,2023-01-30 02:34:00,40.72636,-73.746122,40.712843,-73.768556,2.89,13.84$,4.0,cash
408,,2032-02-06 06:52:00,40.665411,-73.701764,40.67872,-73.694329,1.68,8.74€,2.0,Credit Card
409,,2032-02-06 06:52:00,40.665411,-73.701764,40.67872,-73.694329,1.68,8.74€,2.0,Credit Card
410,2023-01-16 15:14:00,2023-01-16 15:58:00,40.853726,-73.982337,40.829598,-74.000816,3.35,14.08€,5.0,Cash
411,2023-01-16 00:06:00,2023-01-16 00:17:00,40.736881,-73.763191,40.732262,-73.762989,0.51,6.01£,4.0,Credit Card
412,2023-01-10 20:02:00,2023-01-10 20:57:00,40.683941,-73.873074,40.677522,-73.850712,2.57,8.9£,1.0,Credit Card
413,2023-02-06 09:34:00,2023-02-06 10:34:00,40.879867,-73.712099,40.85207,-73.713574,3.07,14.68€,1.0,Credit Card
414,2023-01-15 13:59:00,2023-01-15 14:51:00,40.694305,-73.819669,40.717347,-73.803345,3.11,10.28£,5.0,Cash
415,2023-01-07 16:29:00,2023-01-07 17:13:00,40.872914,-73.842367,40.883503,-73.86358,2.61,14.38€,1.0,Credit Card
416,,2026-01-24 19:18:00,40.613025,-73.969667,40.629721,-73.960238,2.11,2219.01¥,5.0,Cash
417,2023-02-28 23:14:00,2023-03-01 00:08:00,40.812135,-73.798455,40.822078,-73.819336,2.55,7.47€,1.0,Credit Card
418,2023-02-28 23:14:00,2023-03-01 00:08:00,40.812135,-73.798455,40.822078,-73.819336,2.55,7.47€,1.0,Credit Card
419,2023-01-02 15:50:00,2023-01-02 16:11:00,40.745167,-73.94913,40.735747,-73.933016,2.06,9.24$,2.0,Credit Card
420,2023-02-26 02:42:00,2023-02-26 03:42:00,40.733266,-73.753984,40.733674,-73.741141,,8.52£,3.0,Credit Card
421,2023-02-09 05:41:00,2023-02-09 05:43:00,40.610897,-73.707958,40.588622,-73.713813,2.54,12.97$,3.0,credit card
422,2023-02-01 08:42:00,2023-02-01 08:49:00,40.612205,-74.047272,40.591902,-74.04907,2.25,11.16$,3.0,credit card
423,2023-03-01 21:55:00,2023-03-01 22:05:00,40.699826,-73.715878,40.68927,-73.735774,2.48,13.75$,3.0,Cash
424,2023-02-12 02:19:00,2023-02-12 02:21:00,40.884136,-73.924539,40.892757,-73.916408,1.31,,2.0,Credit Card
425,2023-01-31 16:37:00,2023-01-31 17:11:00,40.785298,-73.87909,40.791274,-73.854328,2.81,12.73$,4.0,Credit Card
426,2023-01-14 03:36:00,2023-01-14 04:10:00,40.710662,-73.72657,40.727178,-73.722944,1.86,13.08$,5.0,Cash
427,2023-01-14 03:36:00,2023-01-14 04:10:00,40.710662,-73.72657,40.727178,-73.722944,1.86,13.08$,5.0,Cash
428,2023-01-15 08:14:00,2023-01-15 09:09:00,40.783593,-73.778415,40.785523,-73.789505,1.24,250,,Credit Card
429,2023-01-24 10:18:00,2023-01-24 10:30:00,40.661839,-73.964872,40.67238,-73.970305,1.31,,4.0,Credit Card
430,2023-01-15 04:22:00,2023-01-15 05:19:00,40.64952,-74.016102,40.622153,-74.033005,3.55,15.83$,1.0,Cash
431,2023-02-01 03:02:00,2023-02-01 03:36:00,40.708545,-73.755571,40.734543,-73.759065,2.89,12.16€,4.0,Credit Card
432,2023-01-29 02:41:00,2023-01-29 02:46:00,40.859006,-73.788529,40.879777,-73.788821,2.29,,5.0,Credit Card
433,2023-01-22 23:17:00,2023-01-23 00:14:00,40.752821,-73.749581,40.779017,-73.723136,4.11,11.78£,2.0,Unknown
434,2023-01-21 11:47:00,2023-01-21 12:19:00,27.10814399245048,-100.15370607208963,26.988066402360623,-124.65603281062255,2.21,1871.66¥,1.0,Cash
435,2023-01-09 03:58:00,2023-01-09 04:44:00,40.885075,-73.87776,40.863834,-73.856025,3.35,8.72£,2.0,Credit Card
436,2023-02-02 02:20:00,2023-02-02 02:46:00,40.84479,-73.887243,40.847204,-73.907234,2.22,2388.03¥,3.0,Credit Card
437,2023-01-18 08:24:00,2023-01-18 09:19:00,40.696892,-73.939847,40.717215,-73.937137,2.26,8.13€,4.0,Credit Card
438,2023-02-11 09:26:00,2023-02-11 09:36:00,40.891629,-73.932515,40.905932,-73.927068,1.69,,2.0,Cash
439,2023-02-26 10:13:00,2023-02-26 10:45:00,40.896205,-73.798473,40.881723,-73.79285,1.71,7.1£,2.0,Cash
440,2023-02-21 11:02:00,2023-02-21 11:45:00,40.722598,-73.786425,40.721113,-73.786296,0.16,5.99£,2.0,No Charge
441,2023-02-19 11:20:00,2023-02-19 11:36:00,40.796777,-73.747651,40.780899,-73.731622,2.49,,5.0,Credit Card
442,2023-02-18 04:58:00,2023-02-18 05:39:00,40.721696,-73.754284,40.72555,-73.773912,2.21,1257.59¥,3.0,Credit Card
443,,2030-01-21 01:13:00,40.677204,-73.786122,40.681256,-73.812036,2.89,12.1$,3.0,Unknown
444,2023-02-21 08:57:00,2023-02-21 09:04:00,40.624796,-73.933528,40.599783,-73.954965,3.63,2181.79¥,5.0,cash
445,2023-01-25 19:47:00,2023-01-25 20:27:00,40.679083,-73.801484,40.687052,-73.79769,0.97,5.2£,1.0,Unknown
446,2023-01-25 12:21:00,2023-01-25 12:52:00,40.681444,-73.709581,40.657266,-73.724598,3.14,15.17$,3.0,Cash
447,2023-01-02 08:18:00,2023-01-02 09:05:00,40.719592,-73.729316,40.691266,-73.715004,,12.55€,5.0,Credit Card
448,2023-02-28 14:25:00,2023-02-28 14:36:00,40.655466,-73.709979,40.676774,-73.736208,3.73,14.33$,3.0,Credit Card
449,2023-02-18 21:20:00,2023-02-18 21:35:00,40.886146,-74.037327,40.871052,-74.012788,3.18,1977.1¥,3.0,Cash
450,2023-02-25 02:45:00,2023-02-25 03:27:00,40.630864,-73.83594,40.62877,-73.808838,3.0,11.86£,5.0,Credit Card
451,2023-03-01 16:42:00,2023-03-01 17:24:00,40.787563,-73.97463,40.81384,-73.957491,3.46,16.72$,2.0,Cash
452,2023-01-31 05:53:00,2023-01-31 06:14:00,40.732509,-73.963704,40.740034,-73.941027,2.64,12.83€,2.0,Credit Card
453,,2028-01-12 14:04:00,40.727055,-73.754579,40.719412,-73.761878,1.17,6.68£,,Cash
454,2023-01-23 11:58:00,2023-01-23 12:24:00,40.711598,-73.787433,40.732708,-73.807857,3.24,11.22€,5.0,Credit Card
455,2023-01-27 22:41:00,2023-01-27 22:49:00,40.860494,-73.934919,40.843369,-73.952922,2.74,14.6$,1.0,Unknown
456,2023-02-01 10:43:00,2023-02-01 11:02:00,40.684143,-73.86803,40.683439,-73.867953,0.08,5.82€,2.0,Cash
457,2023-01-23 08:27:00,2023-01-23 08:30:00,40.606173,-73.984085,40.610117,-73.974401,1.15,1228.13¥,2.0,Credit Card
458,2023-02-13 13:02:00,2023-02-13 13:19:00,40.875429,-74.04866,40.880579,-74.044533,0.73,1322.72¥,3.0,Credit Card
459,2023-02-23 09:36:00,2023-02-23 09:57:00,40.859344,-73.735015,40.830395,-73.758718,4.13,10.68€,4.0,Credit Card
460,2023-01-17 14:56:00,2023-01-17 15:48:00,40.683071,-73.801625,40.675689,-73.787991,1.71,6.9£,3.0,No Charge
461,2023-02-14 05:33:00,2023-02-14 05:49:00,40.757046,-73.864914,40.75794,-73.847574,1.91,1721.24¥,1.0,Cash
462,2023-01-21 03:44:00,2023-01-21 04:23:00,40.632726,-74.031065,40.630197,-74.059294,3.13,11.76€,4.0,Credit Card
463,2023-01-16 09:42:00,2023-01-16 10:02:00,40.628028,-73.902706,40.647345,-73.905172,2.15,7.51£,2.0,Credit Card
464,2023-01-26 03:42:00,2023-01-26 04:32:00,40.85124,-73.916985,40.864616,-73.920718,1.53,0,4.0,Cash
465,2023-02-27 08:54:00,2023-02-27 09:25:00,40.72308,-73.989959,40.74901,-74.015925,4.05,16.94€,,Credit Card
466,2023-02-10 11:55:00,2023-02-10 12:29:00,40.798515,-73.995334,40.781942,-74.014728,2.81,14.96$,4.0,CREDIT CARD
467,2023-02-28 20:35:00,2023-02-28 20:40:00,40.88296,-73.989388,40.862333,-73.970488,3.09,2612.88¥,1.0,Cash
468,2023-02-25 04:40:00,2023-02-25 04:43:00,40.673539,-73.841108,40.655732,-73.836029,2.04,1483.99¥,4.0,Cash
469,2023-02-28 14:31:00,2023-02-28 14:49:00,40.603948,-74.006354,40.613331,-74.023219,2.13,12.08$,2.0,Credit Card
470,2023-01-30 19:37:00,2023-01-30 20:06:00,40.607245,-73.966508,40.592346,-73.969004,1.67,1936.79¥,3.0,Credit Card
471,2023-02-02 09:57:00,2023-02-02 10:39:00,40.812816,-73.718805,40.82269,-73.697528,2.59,8.48£,2.0,Credit Card
472,2023-01-28 04:38:00,2023-01-28 04:58:00,40.877366,-73.973188,40.888367,-73.997051,2.9,11.39$,1.0,Credit Card
473,2023-02-05 16:45:00,2023-02-05 17:36:00,40.740199,-73.78265,40.715079,-73.755321,4.09,2259.33¥,2.0,Cash
474,2023-01-01 04:56:00,2023-01-01 05:36:00,40.712533,-73.840686,40.726933,-73.8622,2.86,14.29$,3.0,Credit Card
475,2023-02-06 12:37:00,2023-02-06 12:47:00,40.762858,-73.905395,40.751696,-73.91795,1.85,1435.92¥,3.0,Credit Card
476,2023-01-17 16:39:00,2023-01-17 16:42:00,40.857675,-73.84165,40.840942,-73.860761,2.8,9.44€,5.0,Cash
477,2023-02-13 04:03:00,2023-02-13 04:11:00,40.795646,-74.003233,40.781175,-74.00506,1.61,12.91$,4.0,Cash
478,2023-01-08 14:27:00,2023-01-08 14:29:00,40.669894,-73.880534,40.693672,-73.891901,2.91,11.3£,4.0,Unknown
479,2023-02-07 02:30:00,2023-02-07 03:21:00,40.832374,-73.709753,40.83868,-73.680443,3.31,17.14$,5.0,Credit Card
480,2023-01-07 03:46:00,2023-01-07 03:51:00,40.640384,-73.900298,40.649367,-73.929374,3.36,1865.46¥,1.0,Credit Card
481,2023-02-26 00:26:00,2023-02-26 00:58:00,40.649668,-73.964992,40.632695,-73.975699,2.21,15.28$,3.0,Credit Card
482,2023-01-25 00:48:00,2023-01-25 01:21:00,40.783805,-73.725373,40.775402,-73.719691,1.12,6.35£,4.0,Credit Card
483,2023-02-05 18:13:00,2023-02-05 18:32:00,40.671635,-73.836229,40.690264,-73.845828,2.31,1556.87¥,3.0,Credit Card
484,2023-01-10 11:44:00,2023-01-10 12:07:00,40.811434,-73.79525,40.801844,-73.797904,1.1,,1.0,Cash
485,2023-01-30 17:48:00,2023-01-30 18:46:00,40.704856,-73.859808,40.723615,-73.864295,2.13,6.95€,3.0,Credit Card
486,2023-02-12 17:09:00,2023-02-12 18:02:00,40.683227,-74.046079,40.665226,-74.070905,3.38,11.06€,5.0,Credit Card
487,2023-01-07 12:35:00,2023-01-07 13:24:00,40.899676,-73.785505,40.913618,-73.776562,1.83,1508.8¥,5.0,Credit Card
488,2023-01-22 12:10:00,2023-01-22 12:24:00,49.12635400832248,-71.90077627027365,42.31271662430587,-87.88938209215777,3.36,13.77£,2.0,Cash
489,2023-02-28 06:05:00,2023-02-28 06:14:00,40.793747,-73.799334,40.81309,-73.797665,2.14,6.17£,4.0,Cash
490,2023-02-22 21:19:00,2023-02-22 21:41:00,40.61161,-73.766935,40.621973,-73.78796,2.59,9.7$,2.0,Cash
491,2023-01-21 14:21:00,2023-01-21 14:46:00,40.828063,-73.751945,40.855502,-73.753068,3.03,2014.32¥,1.0,Cash
492,2023-01-25 06:52:00,2023-01-25 07:43:00,40.669027,-73.70028,40.640798,-73.729432,4.48,16.29$,4.0,Credit Card
493,2023-01-15 15:53:00,2023-01-15 16:02:00,40.62695,-73.948985,40.604861,-73.924536,3.63,12.57€,1.0,Credit Card
494,2023-01-05 12:31:00,2023-01-05 12:35:00,40.794535,-73.892716,40.766171,-73.90828,3.57,10.31£,3.0,Credit Card
495,2023-02-09 06:18:00,2023-02-09 07:16:00,40.81978,-73.860011,40.790785,-73.835869,4.16,15.04€,5.0,Cash
496,2023-02-12 14:14:00,2023-02-12 14:55:00,40.803429,-73.996641,40.824192,-73.991594,2.36,9.42£,3.0,Cash
497,2023-02-21 20:25:00,2023-02-21 20:35:00,40.61557,-73.881658,40.623456,-73.852658,3.31,11.73€,3.0,Credit Card
498,2023-01-04 01:59:00,2023-01-04 02:17:00,40.688292,-73.953057,40.696918,-73.932097,2.5,250,,Credit Card
499,2023-02-06 21:17:00,2023-02-06 21:20:00,40.735327,-73.757074,40.727894,-73.786408,3.34,12.77€,5.0,Credit Card
500,2023-01-25 05:59:00,2023-01-25 06:28:00,40.686131,-73.928528,40.659329,-73.957621,4.36,3315.33¥,1.0,Credit Card
501,2023-01-31 04:29:00,2023-01-31 05:22:00,40.843154,-74.02141,40.839025,-74.006804,1.67,7.16£,1.0,Cash
502,2023-02-16 03:33:00,2023-02-16 03:36:00,40.639335,-74.04647,40.618777,-74.045462,,2374.08¥,,Cash
503,2023-02-11 01:03:00,2023-02-11 01:36:00,40.783654,-73.74881,40.80973,-73.733488,3.34,12.14£,5.0,Credit Card
504,2023-02-27 13:28:00,2023-02-27 14:05:00,40.896464,-73.749404,40.919177,-73.744022,2.57,9.2£,2.0,Cash
505,2023-02-22 08:27:00,2023-02-22 08:46:00,40.870767,-73.723069,40.858822,-73.739132,2.21,6.99£,2.0,Cash
506,2023-01-14 05:09:00,2023-01-14 06:06:00,40.666647,-74.024609,40.637687,-74.007413,3.71,2924.56¥,1.0,Unknown
507,2023-01-30 17:30:00,2023-01-30 18:25:00,40.600025,-73.911834,40.57128,-73.939972,4.44,16.51€,4.0,CREDIT CARD
508,2023-01-27 20:47:00,2023-01-27 21:25:00,40.894179,-73.900132,40.89591,-73.881741,2.04,7.29€,5.0,Credit Card
509,2023-02-10 20:50:00,2023-02-10 21:12:00,39.38993599130768,-122.38077045501295,30.953827577278044,-118.8731096713202,2.4,13.5$,2.0,Cash
510,2023-03-01 07:15:00,2023-03-01 07:17:00,40.875842,-73.958503,40.866381,-73.948106,1.55,6.78€,1.0,Cash
511,2023-02-16 18:28:00,2023-02-16 19:06:00,27.71475896862792,-94.3684861851935,33.17440662915458,-100.41108715718968,3.19,8.45£,1.0,Credit Card
512,,2029-02-27 19:36:00,27.077506762105113,-99.4529859355541,49.208478349559726,-88.10108884763079,3.05,9.89€,1.0,Cash
513,2023-01-23 14:56:00,2023-01-23 15:27:00,40.663849,-73.986982,40.672023,-73.987645,0.9,8.96$,2.0,Unknown
514,2023-02-22 17:12:00,2023-02-22 18:12:00,40.717691,-73.827619,40.688059,-73.831095,3.29,1853.05¥,1.0,Credit Card
515,2023-01-17 19:48:00,2023-01-17 20:33:00,40.855464,-73.790227,40.858533,-73.818639,3.15,8.81£,3.0,Credit Card
516,2023-02-19 10:06:00,2023-02-19 11:00:00,40.638284,-73.986841,40.618775,-73.996691,,11.53£,1.0,Cash
517,2023-02-04 01:09:00,2023-02-04 02:05:00,40.86816,-73.972319,40.886163,-73.944272,3.68,12.35€,1.0,No Charge
518,,2030-01-21 02:54:00,40.748952,-73.805067,40.743695,-73.816673,1.41,8.65€,2.0,Cash
519,,2026-01-02 11:52:00,40.727829,-73.771923,40.724181,-73.763956,0.97,859.07¥,,Credit Card
520,2023-02-15 08:01:00,2023-02-15 08:17:00,40.691694,-73.716326,40.679928,-73.705424,1.77,10.75$,1.0,Cash
521,2023-02-16 08:01:00,2023-02-16 08:17:00,40.875055,-73.941973,40.858828,-73.934553,1.97,10.5€,5.0,Cash
522,2023-02-20 00:21:00,2023-02-20 00:39:00,40.755287,-73.857978,40.734884,-73.870596,2.65,,1.0,Credit Card
523,2023-02-20 00:21:00,2023-02-20 00:39:00,35.140737362737006,-113.41400452868761,32.328609551721854,-72.32163229814032,2.65,13.96$,1.0,Credit Card
524,2023-01-29 22:55:00,2023-01-29 23:02:00,40.841208,-73.998616,40.835668,-73.994314,0.77,6.08£,3.0,Credit Card
525,2023-01-25 20:59:00,2023-01-25 21:30:00,40.857296,-73.897087,40.85955,-73.884841,1.37,1169.21¥,,Credit Card
526,2023-02-10 12:54:00,2023-02-10 13:02:00,40.876715,-73.958608,40.900771,-73.965608,2.76,10.8£,5.0,Credit Card
527,2023-02-28 00:26:00,2023-02-28 00:48:00,40.691014,-73.92792,40.685131,-73.941102,,4.77£,3.0,Cash
528,2023-01-09 19:03:00,2023-01-09 20:03:00,40.701943,-73.768822,40.691248,-73.782322,1.9,,4.0,Cash
529,2023-02-24 05:22:00,2023-02-24 05:57:00,40.778522,-73.76887,40.797613,-73.743784,3.48,19.09$,4.0,Credit Card
530,2023-01-04 20:07:00,2023-01-04 21:01:00,40.732397,-73.803423,40.744169,-73.794754,1.61,5.85£,3.0,Credit Card
531,2023-01-28 06:37:00,2023-01-28 06:40:00,40.879853,-74.006726,40.85674,-73.99158,,12.73$,4.0,Credit Card
532,2023-02-20 09:07:00,2023-02-20 09:33:00,40.719269,-73.950591,40.731709,-73.946522,1.44,6.99€,1.0,Cash
533,2023-02-14 04:04:00,2023-02-14 04:44:00,41.29820925161167,-108.69024025446835,25.01402745537076,-86.11419967465255,3.11,1978.65¥,1.0,Credit Card
534,2023-01-11 00:16:00,2023-01-11 00:43:00,40.785156,-73.891616,40.784988,-73.905025,1.48,6.79€,5.0,Credit Card
535,2023-01-22 17:45:00,2023-01-22 18:26:00,40.721422,-73.832354,40.720857,-73.808784,2.6,214,4.0,Cash
536,2023-01-24 03:17:00,2023-01-24 04:10:00,40.897744,-74.043592,40.911158,-74.04352,1.48,8.39$,2.0,Dispute
537,2023-01-17 21:33:00,2023-01-17 21:54:00,40.629655,-73.868693,40.611647,-73.850372,2.83,11.65£,2.0,Credit Card
538,2023-01-15 18:39:00,2023-01-15 19:29:00,40.666181,-73.8088,40.658201,-73.807719,0.89,4.28€,5.0,Credit Card
539,2023-01-21 13:31:00,2023-01-21 14:02:00,40.696797,-74.029391,40.685812,-74.052412,2.81,9.01€,3.0,Credit Card
540,2023-02-02 01:36:00,2023-02-02 02:13:00,32.36320687348768,-99.75683719677323,30.208217239426133,-94.57710426367436,,11.39£,1.0,Credit Card
541,2023-02-02 22:21:00,2023-02-02 22:40:00,40.685266,-73.921071,40.664963,-73.923224,2.25,13.33$,3.0,Credit Card
542,2023-03-01 23:54:00,2023-03-01 23:56:00,40.833774,-73.719439,40.814211,-73.723646,2.21,9.64£,3.0,Credit Card
543,2023-02-10 19:50:00,2023-02-10 20:47:00,40.756868,-73.962921,40.754522,-73.938123,2.75,11.86£,1.0,Cash
544,2023-01-17 22:17:00,2023-01-17 22:59:00,40.610186,-74.042439,40.596645,-74.064535,2.86,2560.16¥,5.0,Cash
545,2023-01-11 01:36:00,2023-01-11 02:32:00,40.894787,-73.766753,40.917027,-73.755559,2.75,200,4.0, CREDIT CARD 
546,2023-02-28 22:51:00,2023-02-28 23:13:00,40.784802,-73.752763,40.780991,-73.727675,2.8,14.32$,2.0,Credit Card
547,2023-01-29 19:24:00,2023-01-29 20:20:00,40.617682,-73.862157,40.628776,-73.867492,1.36,7.17€,,Credit Card
548,2023-01-28 01:34:00,2023-01-28 01:38:00,40.798351,-73.737433,40.817443,-73.714335,3.31,2819.12¥,3.0,Credit Card
549,,2030-01-20 10:13:00,40.713511,-73.987338,40.699834,-74.008679,2.8,14.68$,,Credit Card
550,2023-01-06 22:15:00,2023-01-06 22:31:00,40.640702,-73.953866,40.654666,-73.977545,3.03,13.72€,1.0,No Charge
551,2023-01-01 15:50:00,2023-01-01 16:46:00,40.769099,-74.042843,40.763045,-74.05884,1.89,11.82$,2.0,Cash
552,2023-01-16 07:24:00,2023-01-16 07:59:00,40.818124,-73.845799,40.803395,-73.844527,1.63,1699.53¥,4.0,Credit Card
553,2023-01-02 00:39:00,2023-01-02 01:31:00,40.801338,-73.739414,40.824745,-73.730629,2.76,13.0$,5.0,Credit Card
554,2023-01-26 22:47:00,2023-01-26 23:37:00,40.674254,-73.83776,40.678156,-73.821484,1.85,2130.62¥,3.0,Credit Card
555,2023-02-17 17:09:00,2023-02-17 17:34:00,40.75746,-74.0219,40.75724,-74.005907,1.76,9.88$,2.0,Credit Card
556,2023-01-26 14:24:00,2023-01-26 14:27:00,40.761299,-73.807372,40.742135,-73.830659,3.33,12.13$,5.0,Credit Card
557,2023-01-26 02:18:00,2023-01-26 02:42:00,40.815041,-73.813421,40.839139,-73.79098,3.63,13.77$,2.0,Credit Card
558,2023-01-12 01:38:00,2023-01-12 01:45:00,40.70796,-73.99164,40.716231,-74.014899,2.72,11.0£,3.0,Cash
559,2023-01-08 07:40:00,2023-01-08 07:51:00,40.83932,-73.759855,40.866177,-73.735987,,17.83$,3.0,Cash
560,2023-01-25 09:40:00,2023-01-25 09:51:00,40.788377,-73.730663,40.761036,-73.703206,4.27,17.65€,1.0,Cash
561,2023-01-25 09:40:00,2023-01-25 09:51:00,40.788377,-73.730663,40.761036,-73.703206,4.27,17.65€,1.0,Cash
562,2023-01-15 08:21:00,2023-01-15 09:03:00,40.611499,-73.912905,40.588497,-73.907859,2.6,1953.84¥,,Credit Card
563,2023-01-09 16:07:00,2023-01-09 16:19:00,40.763944,-73.941933,40.786585,-73.930299,2.81,1857.7¥,2.0,Credit Card
564,2023-01-11 23:13:00,2023-01-11 23:56:00,40.858574,-73.848864,40.855679,-73.856681,0.92,1307.21¥,3.0,No Charge
565,2023-02-03 16:23:00,2023-02-03 17:23:00,40.770272,-73.709619,40.768291,-73.70658,0.4,6.5£,5.0,Cash
566,2023-01-06 00:32:00,2023-01-06 01:27:00,40.652748,-73.796263,40.636145,-73.776339,2.86,261,1.0,Credit Card
567,2023-01-30 16:25:00,2023-01-30 17:07:00,40.753113,-73.773478,40.752419,-73.793908,2.25,9.79£,,Credit Card
568,2023-01-23 23:18:00,2023-01-23 23:44:00,40.827084,-73.780996,40.823395,-73.780891,0.41,7.67€,2.0,Cash
569,2023-02-07 04:03:00,2023-02-07 04:26:00,40.633032,-73.715052,40.646283,-73.720499,1.58,6.69£,,Cash
570,2023-02-11 14:11:00,2023-02-11 15:01:00,40.84513,-73.764333,40.853259,-73.74235,2.58,1953.84¥,3.0,Unknown
571,,2029-01-09 11:32:00,40.650244,-73.95609,40.668184,-73.978231,3.14,1570.83¥,5.0,Credit Card
572,2023-01-14 06:37:00,2023-01-14 06:56:00,40.760223,-73.969045,40.777209,-73.945539,3.2,9.85£,2.0,Credit Card
573,2023-02-23 15:55:00,2023-02-23 16:11:00,40.715723,-73.965268,40.711014,-73.980252,,6.85£,2.0,Credit Card
574,2023-02-04 01:26:00,2023-02-04 01:55:00,40.674587,-73.975473,40.662676,-73.969131,1.49,7.04£,5.0,Dispute
575,2023-02-07 17:19:00,2023-02-07 17:49:00,40.79423,-73.977108,40.783837,-73.984314,1.39,1049.8¥,3.0,Cash
576,2023-01-23 07:27:00,2023-01-23 08:15:00,40.611218,-73.722924,40.640614,-73.69696,4.33,17.56$,5.0,Credit Card
577,2023-01-16 02:23:00,2023-01-16 03:23:00,49.09207810589414,-97.23395333048693,38.982871874938425,-112.35904510563878,,10.43€,5.0,Credit Card
578,2023-02-01 06:13:00,2023-02-01 06:45:00,40.758082,-74.018551,40.77341,-74.018399,1.69,10.81$,5.0,Credit Card
579,2023-02-17 04:20:00,2023-02-17 04:47:00,40.862731,-74.027574,40.837696,-74.043877,3.29,9.6£,1.0,Credit Card
580,2023-02-05 11:13:00,2023-02-05 11:55:00,40.756215,-73.750039,40.751989,-73.731966,,0,4.0,Credit Card
581,2023-01-31 13:50:00,2023-01-31 14:38:00,40.61051,-73.85269,40.600242,-73.866427,1.89,10.24$,5.0,Credit Card
582,2023-01-22 02:05:00,2023-01-22 02:15:00,40.64308,-73.975952,40.622693,-73.948743,3.75,,,Credit Card
583,2023-01-22 02:05:00,2023-01-22 02:15:00,40.64308,-73.975952,40.622693,-73.948743,3.75,15.81$,3.0,Credit Card
584,,2031-02-23 08:30:00,40.838681,-73.888364,40.810114,-73.8629,4.22,2678.01¥,4.0,Cash
585,2023-01-22 07:43:00,2023-01-22 08:17:00,32.725783574907496,-77.15862257271303,36.40989324439001,-115.8173344900462,1.65,1896.47¥,5.0,Credit Card
586,2023-02-21 01:26:00,2023-02-21 02:10:00,40.732564,-73.706224,40.750163,-73.735448,3.76,10.41£,3.0,Unknown
587,2023-01-01 23:59:00,2023-01-02 00:31:00,40.69553,-74.001017,40.68338,-73.973092,3.36,15.99€,3.0,Cash
588,2023-02-12 10:35:00,2023-02-12 11:01:00,40.685365,-73.767706,40.707746,-73.756548,2.76,12.55€,4.0,Credit Card
589,2023-01-15 10:47:00,2023-01-15 10:54:00,40.889766,-73.714637,40.894497,-73.715118,0.52,6.66$,1.0,Credit Card
590,2023-01-16 10:13:00,2023-01-16 10:58:00,40.729891,-73.801146,40.748175,-73.794901,2.13,8.91$,4.0,Credit Card
591,2023-01-11 04:50:00,2023-01-11 05:30:00,40.865201,-74.019007,40.895163,-74.042348,4.19,15.56€,3.0,Credit Card
592,2023-01-09 13:47:00,2023-01-09 14:44:00,40.794449,-73.843505,40.802883,-73.864053,2.45,9.82£,4.0,Credit Card
593,2023-02-16 07:30:00,2023-02-16 08:14:00,40.857528,-74.004774,40.847981,-73.996439,,0,2.0,Credit Card
594,2023-01-09 16:05:00,2023-01-09 16:27:00,40.855735,-73.746567,40.844336,-73.77363,3.24,11.31£,1.0,Credit Card
595,2023-01-15 18:28:00,2023-01-15 19:25:00,40.886894,-73.814511,40.915255,-73.802373,3.4,17.62$,, CREDIT CARD 
596,2023-01-24 01:05:00,2023-01-24 01:43:00,40.809383,-73.72028,40.822257,-73.695094,3.12,14.51$,3.0,Credit Card
597,2023-01-24 01:05:00,2023-01-24 01:43:00,40.809383,-73.72028,40.822257,-73.695094,3.12,14.51$,3.0,Credit Card
598,2023-01-02 16:13:00,2023-01-02 17:02:00,40.841619,-73.99894,40.841769,-73.986403,1.38,6.66£,,Cash
599,2023-01-05 20:35:00,2023-01-05 21:13:00,40.819938,-73.89121,40.802783,-73.887572,1.93,9.19$,1.0,Credit Card
600,2023-02-12 16:05:00,2023-02-12 16:32:00,40.781568,-73.859753,40.780962,-73.842101,1.95,10.41$,3.0,Credit Card
601,2023-01-16 11:32:00,2023-01-16 11:46:00,40.815206,-74.012082,40.830935,-73.997174,2.39,10.64€,5.0,Credit Card
602,2023-01-07 15:57:00,2023-01-07 16:27:00,47.872414369280435,-85.4943933326191,43.74827883674362,-71.33266279795515,3.2,11.0£,1.0,Credit Card
603,2023-02-25 21:40:00,2023-02-25 21:56:00,40.612272,-73.851748,40.622641,-73.869926,2.31,1483.99¥,5.0,Credit Card
604,2023-01-21 10:07:00,2023-01-21 10:58:00,40.754833,-73.928185,40.726311,-73.957715,4.53,18.1$,1.0,Cash
605,2023-02-09 06:58:00,2023-02-09 07:22:00,40.837795,-73.905479,40.835706,-73.908041,0.36,4.35£,,Cash
606,,2028-02-23 14:55:00,40.672889,-73.77132,40.692549,-73.786857,2.76,9.79£,4.0,Credit Card
607,2023-01-01 10:19:00,2023-01-01 10:59:00,40.739544,-73.925255,40.740175,-73.941628,1.81,9.99£,3.0,Cash
608,2023-03-01 03:51:00,2023-03-01 04:11:00,40.730496,-73.709578,40.721142,-73.709177,1.03,5.4£,1.0,Cash
609,2023-02-18 14:25:00,2023-02-18 14:48:00,40.720836,-73.728635,40.742502,-73.736112,2.53,10.51$,1.0,Credit Card
610,2023-01-12 11:46:00,2023-01-12 11:49:00,40.636552,-74.02267,40.641207,-74.022427,0.51,2.73£,5.0,Credit Card
611,2023-01-26 17:25:00,2023-01-26 18:21:00,40.757713,-73.751654,40.757977,-73.765498,1.53,,4.0,Credit Card
612,2023-02-03 15:23:00,2023-02-03 16:00:00,40.733875,-73.814177,40.733052,-73.80757,0.73,4.8£,4.0,Credit Card
613,2023-01-12 20:54:00,2023-01-12 21:35:00,40.799018,-74.030638,40.809907,-74.023319,1.45,1711.94¥,2.0,Cash
614,2023-02-16 12:13:00,2023-02-16 12:22:00,40.764824,-73.715622,40.762141,-73.733087,1.95,6.29£,4.0,Credit Card
615,2023-02-15 04:23:00,2023-02-15 05:01:00,40.608263,-73.75828,40.61229,-73.754231,0.63,1043.6¥,4.0,Credit Card
616,2023-02-09 04:21:00,2023-02-09 04:32:00,40.609575,-73.758561,40.596886,-73.761848,1.45,1389.4¥,4.0,Credit Card
617,2023-01-18 14:31:00,2023-01-18 15:29:00,40.810408,-73.729524,40.79072,-73.701359,3.79,2366.32¥,1.0,Credit Card
618,2023-01-07 13:29:00,2023-01-07 13:52:00,40.812274,-73.72762,40.831478,-73.714313,2.58,11.31£,4.0,Credit Card
619,2023-01-07 13:29:00,2023-01-07 13:52:00,40.812274,-73.72762,40.831478,-73.714313,2.58,11.31£,4.0, CREDIT CARD 
620,2023-02-09 16:03:00,2023-02-09 16:40:00,40.887982,-73.973322,40.877134,-73.992409,2.42,1925.93¥,5.0,Dispute
621,2023-02-09 16:03:00,2023-02-09 16:40:00,40.887982,-73.973322,40.877134,-73.992409,2.42,1925.93¥,5.0,Dispute
622,2023-02-09 18:51:00,2023-02-09 19:31:00,40.863011,-73.721923,40.840551,-73.699001,3.54,,3.0,Credit Card
623,2023-02-02 22:23:00,2023-02-02 22:49:00,40.740418,-74.033224,40.721474,-74.034603,,8.04£,4.0, CREDIT CARD 
624,2023-02-20 03:35:00,2023-02-20 04:02:00,40.787772,-73.741499,40.782532,-73.720687,2.37,1493.3¥,3.0,Credit Card
625,2023-02-28 15:58:00,2023-02-28 16:55:00,40.737155,-73.890151,40.72428,-73.870296,2.61,12.83€,2.0,Credit Card
626,2023-02-21 21:19:00,2023-02-21 21:25:00,40.666884,-73.759091,40.678589,-73.78805,3.44,2042.23¥,2.0,Unknown
627,2023-01-26 03:48:00,2023-01-26 04:36:00,40.713003,-73.954436,40.703997,-73.970416,2.02,0,2.0,No Charge
628,,2032-01-05 20:44:00,40.631165,-73.785798,40.636316,-73.761132,2.78,12.59£,1.0,Credit Card
629,2023-02-17 04:50:00,2023-02-17 05:42:00,40.799958,-73.768355,40.779985,-73.75217,2.84,13.11£,5.0,Credit Card
630,2023-02-25 15:03:00,2023-02-25 15:08:00,40.657609,-74.021672,40.635804,-74.043552,3.41,13.74€,3.0,Unknown
631,2023-02-25 23:19:00,2023-02-26 00:17:00,40.74264,-73.729955,40.767019,-73.747217,3.29,11.09£,4.0,Credit Card
632,,2026-01-09 00:48:00,40.890231,-73.763962,40.912106,-73.756843,2.54,10.14€,,Cash
633,2023-01-15 09:34:00,2023-01-15 09:59:00,39.44945937090576,-117.69677175805899,30.03182703220137,-94.69774564055815,3.01,1795.68¥,1.0,Cash
634,2023-01-03 15:33:00,2023-01-03 15:57:00,39.72684597606591,-112.92872964474314,34.492677710459766,-76.4305419527742,1.96,2146.13¥,3.0,Credit Card
635,2023-02-26 22:30:00,2023-02-26 23:01:00,40.689574,-73.928963,40.6638,-73.899958,4.28,15.03$,1.0,Credit Card
636,2023-01-19 07:58:00,2023-01-19 08:54:00,40.882542,-73.885304,40.871153,-73.887787,1.29,5.97€,3.0,No Charge
637,2023-02-11 10:52:00,2023-02-11 11:36:00,40.872653,-73.998423,40.895537,-73.997258,2.53,10.58$,2.0,Credit Card
638,2023-02-17 09:39:00,2023-02-17 10:23:00,40.6486,-73.875032,40.643951,-73.865898,1.13,11.08$,1.0,Credit Card
639,2023-03-01 10:48:00,2023-03-01 11:16:00,40.894335,-73.776013,40.883947,-73.801468,3.03,11.76€,4.0,Credit Card
640,2023-02-11 16:22:00,2023-02-11 17:07:00,40.825224,-73.854561,40.812954,-73.860769,1.52,7.82€,2.0,CREDIT CARD
641,2023-02-02 20:22:00,2023-02-02 20:29:00,40.761993,-74.00328,40.76496,-73.978955,2.7,10.76$,3.0,Credit Card
642,2023-02-02 20:22:00,2023-02-02 20:29:00,40.761993,-74.00328,40.76496,-73.978955,2.7,10.76$,3.0,Credit Card
643,2023-01-01 12:55:00,2023-01-01 13:05:00,40.879511,-73.759657,40.876647,-73.733064,2.95,,1.0,Credit Card
644,2023-02-18 20:21:00,2023-02-18 20:37:00,40.864182,-73.791705,40.856676,-73.791989,0.83,1487.09¥,1.0,No Charge
645,2023-01-22 11:14:00,2023-01-22 11:32:00,40.717395,-74.036926,40.712778,-74.013393,2.64,0,5.0,No Charge
646,2023-01-08 00:08:00,2023-01-08 00:59:00,40.796903,-73.768291,40.782903,-73.768349,1.54,6.43€,4.0,Credit Card
647,2023-01-05 00:25:00,2023-01-05 01:07:00,40.794216,-73.747164,40.775725,-73.718028,3.81,16.63€,2.0,Unknown
648,2023-01-01 07:59:00,2023-01-01 08:29:00,40.69809,-73.870667,40.680201,-73.853436,2.74,2009.67¥,1.0,Credit Card
649,2023-02-14 19:39:00,2023-02-14 19:58:00,40.653817,-73.917492,40.626118,-73.897674,3.76,10.53€,2.0,Credit Card
650,2023-01-09 04:10:00,2023-01-09 05:01:00,40.740043,-74.020782,40.766779,-74.039596,3.61,2450.06¥,1.0,Credit Card
651,2023-01-22 18:01:00,2023-01-22 18:14:00,40.678984,-73.760103,40.706375,-73.789834,4.46,,5.0,No Charge
652,2023-02-09 18:54:00,2023-02-09 19:05:00,40.70652,-74.048719,40.682693,-74.048422,2.63,13.04€,3.0,Credit Card
653,2023-03-01 11:14:00,2023-03-01 11:29:00,40.886243,-73.92978,40.860672,-73.900811,4.26,0,1.0,Credit Card
654,2023-01-09 20:29:00,2023-01-09 20:59:00,40.738341,-73.935293,40.733317,-73.907257,3.14,18.23$,3.0,Credit Card
655,2023-02-08 09:47:00,2023-02-08 09:56:00,40.805467,-73.730796,40.821304,-73.723945,1.9,1913.53¥,2.0,Dispute
656,2023-01-20 08:26:00,2023-01-20 08:33:00,40.700869,-73.892748,40.720431,-73.911669,3.0,11.63$,2.0,Credit Card
657,2023-02-16 10:42:00,2023-02-16 11:36:00,40.898758,-73.73897,40.870042,-73.768431,4.54,14.82€,3.0,No Charge
658,2023-01-08 23:29:00,2023-01-09 00:29:00,40.79763,-74.018747,40.784628,-74.018957,1.43,8.21£,5.0,Credit Card
659,2023-02-17 16:33:00,2023-02-17 16:53:00,40.658803,-73.753872,40.660921,-73.765756,1.33,4.83£,5.0,Cash
660,2023-01-31 08:40:00,2023-01-31 09:06:00,40.629455,-73.835668,40.607561,-73.84546,2.65,1972.45¥,3.0,Cash
661,2023-02-06 01:43:00,2023-02-06 02:25:00,40.882954,-73.861728,40.911154,-73.841732,3.81,11.51£,2.0,Credit Card
662,2023-02-06 00:48:00,2023-02-06 01:25:00,40.883433,-73.942915,40.868511,-73.967555,3.18,8.22£,1.0,Credit Card
663,2023-01-15 06:51:00,2023-01-15 07:44:00,40.786399,-73.878371,40.788281,-73.902929,,10.03€,1.0,Credit Card
664,2023-01-20 07:54:00,2023-01-20 08:47:00,41.4952067896991,-92.55431686862715,44.30040766251028,-83.44508628278624,2.61,10.79£,2.0,Cash
665,2023-01-29 20:01:00,2023-01-29 20:53:00,40.66766,-73.890464,40.657995,-73.895657,1.21,220,1.0,Credit Card
666,2023-02-01 19:34:00,2023-02-01 20:10:00,40.840383,-73.780914,40.81777,-73.807081,3.81,13.6€,2.0,Unknown
667,2023-02-15 09:37:00,2023-02-15 10:03:00,40.862638,-73.831078,40.887349,-73.828348,2.74,2324.45¥,3.0,Credit Card
668,,2026-01-30 12:46:00,40.736197,-73.811813,40.763189,-73.815891,3.01,9.96£,2.0,Credit Card
669,2023-02-09 19:59:00,2023-02-09 20:36:00,40.709656,-73.737724,40.712135,-73.708141,3.27,200,1.0,Credit Card
670,2023-01-24 04:40:00,2023-01-24 04:53:00,40.682268,-74.031471,40.673258,-74.057506,3.04,13.53€,1.0,Credit Card
671,2023-01-04 02:57:00,2023-01-04 03:37:00,40.635091,-73.98037,40.624501,-74.003325,2.79,,4.0,cash
672,2023-02-04 20:52:00,2023-02-04 21:13:00,40.634723,-73.796532,40.660144,-73.817027,3.6,15.25$,5.0,Credit Card
673,2023-01-17 14:04:00,2023-01-17 14:58:00,48.397383171786885,-113.90877358771019,33.585382648355456,-114.42007112900825,1.4,8.05£,1.0,Credit Card
674,,2028-02-12 12:35:00,40.842588,-73.822425,40.837163,-73.812556,1.24,1494.85¥,,Cash
675,2023-01-15 10:58:00,2023-01-15 11:01:00,40.649434,-73.735782,40.665727,-73.707792,3.57,2910.61¥,1.0,Credit Card
676,2023-02-17 20:24:00,2023-02-17 21:14:00,40.662115,-73.792399,40.664232,-73.767937,2.71,9.46£,5.0,Unknown
677,,2027-01-25 07:26:00,40.796665,-73.723409,40.779744,-73.726883,1.91,1470.04¥,1.0,Cash
678,2023-02-16 11:28:00,2023-02-16 11:41:00,40.829399,-73.99682,40.813709,-74.022565,3.33,15.93$,1.0,Credit Card
679,2023-02-19 16:24:00,2023-02-19 17:04:00,40.843094,-73.78518,40.829607,-73.776483,,7.7€,5.0,Unknown
680,,2032-02-27 10:02:00,40.649001,-73.804081,40.619962,-73.80902,3.25,14.69$,3.0,Credit Card
681,2023-01-09 09:46:00,2023-01-09 10:07:00,40.895238,-74.047357,40.880587,-74.075956,3.54,2566.36¥,4.0,Dispute
682,2023-02-08 20:05:00,2023-02-08 20:19:00,40.668341,-74.034959,40.67502,-74.015916,2.23,11.06$,3.0,Cash
683,2023-01-03 06:34:00,2023-01-03 07:11:00,40.776825,-74.038181,40.792028,-74.036425,1.69,7.77$,3.0,Cash
684,2023-01-06 15:08:00,2023-01-06 15:25:00,40.776285,-73.865334,40.753091,-73.869062,2.59,1953.84¥,3.0,Credit Card
685,2023-01-20 03:17:00,2023-01-20 03:42:00,40.890209,-73.778222,40.918543,-73.764803,3.46,294,5.0,Dispute
686,2023-01-04 22:48:00,2023-01-04 23:39:00,40.7973,-73.908125,40.796625,-73.886634,2.37,2377.18¥,5.0,Cash
687,2023-02-07 03:50:00,2023-02-07 04:12:00,40.775471,-74.04887,40.749206,-74.022936,4.07,13.16£,1.0,Unknown
688,2023-02-07 03:50:00,2023-02-07 04:12:00,40.775471,-74.04887,40.749206,-74.022936,4.07,13.16£,1.0,Unknown
689,2023-01-23 19:47:00,2023-01-23 20:22:00,40.755632,-73.988787,40.78203,-73.99889,3.12,8.87£,1.0,Unknown
690,2023-02-27 05:09:00,2023-02-27 05:28:00,40.829397,-73.718023,40.815698,-73.736994,2.58,12.19$,2.0,Credit Card
691,2023-01-31 05:04:00,2023-01-31 05:16:00,40.631817,-73.964368,40.620399,-73.97455,1.69,8.62£,1.0,cash
692,2023-02-20 15:46:00,2023-02-20 15:50:00,40.600628,-73.751315,40.598188,-73.722737,3.16,2357.02¥,1.0,credit card
693,2023-02-20 15:46:00,2023-02-20 15:50:00,40.600628,-73.751315,40.598188,-73.722737,3.16,2357.02¥,1.0,CREDIT CARD
694,2023-02-12 18:51:00,2023-02-12 19:08:00,40.885747,-73.920364,40.875209,-73.944456,2.9,2645.44¥,1.0,Credit Card
695,2023-01-31 17:22:00,2023-01-31 17:30:00,40.749597,-73.867546,40.730258,-73.840529,3.66,12.77$,2.0,Cash
696,2023-02-15 17:37:00,2023-02-15 17:49:00,40.698501,-73.878594,40.676128,-73.871486,2.59,2073.25¥,2.0,Cash
697,2023-02-21 16:15:00,2023-02-21 17:06:00,40.710416,-74.002932,40.710997,-74.032351,3.25,2349.27¥,1.0,Credit Card
698,2023-01-23 20:27:00,2023-01-23 21:04:00,35.43410565631465,-90.81938673256384,27.859358284678365,-115.53444830176173,3.7,2840.83¥,5.0,Credit Card
699,2023-02-04 01:48:00,2023-02-04 02:06:00,40.714711,-73.700125,40.727301,-73.689254,1.83,10.27$,,Cash
700,2023-01-12 04:53:00,2023-01-12 05:11:00,40.831051,-73.852556,40.821564,-73.873878,2.57,2316.7¥,2.0,Credit Card
701,2023-01-22 06:08:00,2023-01-22 06:17:00,40.732139,-73.887168,40.761696,-73.896687,3.42,12.71£,1.0,Credit Card
702,2023-02-21 17:10:00,2023-02-21 17:19:00,40.853223,-73.8578,40.826994,-73.835427,3.8,2101.16¥,2.0,Credit Card
703,2023-01-16 07:22:00,2023-01-16 08:15:00,40.622861,-73.957947,40.595776,-73.944229,3.35,17.19$,5.0,Credit Card
704,2023-01-07 17:59:00,2023-01-07 18:59:00,40.744338,-73.851772,40.729447,-73.862652,2.03,10.44£,1.0,Credit Card
705,2023-01-16 05:21:00,2023-01-16 05:30:00,40.740055,-73.795088,40.731152,-73.777435,2.18,7.91£,1.0,Cash
706,,2027-01-21 11:32:00,40.679298,-74.013011,40.698093,-74.027722,,10.1$,3.0,Credit Card
707,2023-01-10 13:33:00,2023-01-10 13:41:00,40.883084,-73.952543,40.902865,-73.949578,2.21,6.67£,4.0,Credit Card
708,2023-01-09 05:22:00,2023-01-09 05:57:00,40.871509,-73.976877,40.884924,-73.950863,3.23,10.96€,3.0,Credit Card
709,2023-01-09 18:08:00,2023-01-09 18:26:00,40.733079,-73.789292,40.752623,-73.793119,2.2,2093.4¥,5.0,Cash
710,2023-02-21 21:00:00,2023-02-21 21:52:00,40.629148,-73.722517,40.642848,-73.719142,1.56,9.78€,3.0,Cash
711,2023-02-25 08:29:00,2023-02-25 08:32:00,40.662035,-73.901359,40.684415,-73.884788,3.07,0,4.0,No Charge
712,2023-01-10 23:13:00,2023-01-10 23:39:00,40.681448,-73.828364,40.679318,-73.84614,1.97,7.01£,4.0,Credit Card
713,2023-02-04 12:44:00,2023-02-04 12:48:00,40.745266,-74.039076,40.731852,-74.042132,1.52,5.08£,4.0,No Charge
714,2023-01-07 23:47:00,2023-01-07 23:51:00,40.701513,-74.003979,40.709281,-73.978776,,0,4.0,Credit Card
715,2023-02-26 08:30:00,2023-02-26 08:32:00,40.832241,-73.915442,40.824115,-73.906332,1.35,7.52£,3.0,Credit Card
716,2023-02-03 06:14:00,2023-02-03 07:04:00,40.742808,-73.817463,40.716867,-73.80538,3.16,0,1.0,Credit Card
717,2023-02-03 06:33:00,2023-02-03 07:05:00,40.861111,-73.825885,40.882461,-73.79815,3.86,16.57€,2.0,Cash
718,2023-02-03 16:20:00,2023-02-03 16:24:00,40.898735,-73.982745,40.91878,-73.977411,2.29,1632.86¥,4.0,Credit Card
719,2023-01-06 22:31:00,2023-01-06 22:47:00,40.665951,-74.003486,40.66573,-73.981254,2.45,1515.0¥,4.0,No Charge
720,2023-01-08 00:30:00,2023-01-08 01:08:00,40.783501,-73.721675,40.781462,-73.692129,3.27,12.81$,4.0,Cash
721,2023-02-20 22:18:00,2023-02-20 22:50:00,40.854251,-73.925624,40.831383,-73.915048,2.78,10.7$,1.0,Credit Card
722,2023-02-26 08:11:00,2023-02-26 08:44:00,40.883571,-73.888849,40.861125,-73.877762,2.76,,4.0,Credit Card
723,2023-02-03 15:21:00,2023-02-03 16:17:00,40.687026,-74.016624,40.704891,-74.035762,2.89,2293.44¥,4.0,Credit Card
724,2023-01-12 16:00:00,2023-01-12 16:40:00,40.818113,-73.731418,40.839353,-73.733634,2.36,13.1$,3.0,Credit Card
725,2023-02-25 08:54:00,2023-02-25 09:48:00,40.604505,-73.816194,40.574846,-73.801924,3.63,17.41$,3.0,Credit Card
726,2023-02-13 14:25:00,2023-02-13 14:30:00,40.863743,-73.87151,40.880777,-73.880955,2.15,13.26$,5.0,Credit Card
727,,2030-01-25 19:16:00,40.619182,-73.899057,40.62134,-73.922047,2.55,2321.35¥,2.0,Cash
728,2023-01-25 02:01:00,2023-01-25 02:56:00,40.820019,-74.031987,40.81626,-74.060732,3.2,12.87$,3.0,Credit Card
729,2023-02-13 07:55:00,2023-02-13 08:24:00,40.898383,-73.974997,40.896913,-73.964873,1.13,947.46¥,4.0,Credit Card
730,2023-02-25 03:56:00,2023-02-25 04:21:00,40.750357,-73.750372,40.76314,-73.778376,3.4,13.88€,3.0,Credit Card
731,2023-02-14 07:16:00,2023-02-14 07:52:00,40.6628,-73.832228,40.632944,-73.832933,3.29,12.73€,3.0,Credit Card
732,2023-01-11 23:12:00,2023-01-11 23:36:00,40.778393,-73.982144,40.752155,-73.959181,3.85,2591.17¥,5.0,Credit Card
733,2023-02-23 07:49:00,2023-02-23 07:54:00,40.787245,-73.983779,40.807725,-73.964339,3.11,2684.21¥,2.0,Credit Card
734,2023-01-19 11:47:00,2023-01-19 12:39:00,40.800422,-73.927456,40.830281,-73.914293,3.6,2456.26¥,4.0,Cash
735,2023-01-06 14:43:00,2023-01-06 14:48:00,40.651784,-73.834646,40.636279,-73.813061,2.93,11.29£,3.0,Cash
736,2023-02-05 13:44:00,2023-02-05 14:44:00,40.869614,-73.860155,40.863621,-73.845249,1.77,9.2£,4.0,Credit Card
737,2023-02-03 02:39:00,2023-02-03 03:27:00,40.786297,-73.865538,40.798414,-73.894448,3.46,10.67£,2.0,Credit Card
738,2023-01-12 04:39:00,2023-01-12 05:07:00,40.613071,-73.745874,40.622958,-73.747601,1.11,1676.27¥,2.0,Credit Card
739,2023-01-04 17:57:00,2023-01-04 18:54:00,40.805212,-73.748562,40.822236,-73.777681,3.72,13.97€,,Credit Card
740,2023-02-27 00:31:00,2023-02-27 00:42:00,40.658825,-73.754181,40.683673,-73.750876,2.76,9.55$,1.0,Credit Card
741,2023-02-27 19:28:00,2023-02-27 20:28:00,40.608202,-73.804142,40.594046,-73.819972,2.34,1420.41¥,5.0,Credit Card
742,2023-02-06 05:29:00,2023-02-06 05:33:00,40.765286,-73.912642,40.766911,-73.916176,0.43,5.99$,3.0,Cash
743,2023-02-08 06:40:00,2023-02-08 06:45:00,40.843994,-73.95573,40.822424,-73.973488,3.08,9.43£,4.0,Credit Card
744,2023-02-05 20:44:00,2023-02-05 21:13:00,40.348691876692044,-75.94987616669934,35.39488112731724,-100.30266316608872,3.76,14.37£,3.0,Credit Card
745,2023-02-24 12:37:00,2023-02-24 13:34:00,40.631056,-74.03415,40.6465,-74.053091,2.7,11.8$,1.0,Credit Card
746,2023-01-26 01:32:00,2023-01-26 01:56:00,40.798913,-73.833566,40.780154,-73.843984,,7.51£,1.0,Credit Card
747,2023-01-29 02:23:00,2023-01-29 02:46:00,34.54458757637121,-89.91012948748735,28.98480738336639,-89.23702570904734,3.58,15.15$,3.0,Credit Card
748,,2030-12-31 19:17:00,40.688355,-73.95483,40.706285,-73.966255,2.34,2149.23¥,1.0,Unknown
749,2023-01-17 19:24:00,2023-01-17 19:38:00,40.891409,-73.707439,40.869596,-73.735865,3.95,14.0$,5.0,Credit Card
750,2023-02-15 19:28:00,2023-02-15 19:42:00,40.683606,-73.739927,40.68356,-73.742927,0.33,0,4.0,Credit Card
751,2023-02-26 09:43:00,2023-02-26 10:28:00,40.620995,-73.980235,40.640359,-74.008618,,2358.57¥,1.0,Cash
752,2023-02-07 20:50:00,2023-02-07 21:13:00,40.755784,-73.955392,40.746614,-73.962102,1.25,1544.47¥,2.0,Credit Card
753,2023-02-23 05:52:00,2023-02-23 06:47:00,40.808294,-73.735944,40.781323,-73.729551,3.06,10.2€,4.0,Cash
754,2023-01-11 17:59:00,2023-01-11 18:52:00,40.673398,-74.011762,40.664043,-73.987161,2.9,10.86£,4.0,Credit Card
755,2023-01-21 19:39:00,2023-01-21 19:57:00,40.701575,-73.984033,40.718493,-73.980813,1.9,8.03£,3.0,No Charge
756,2023-02-24 23:11:00,2023-02-24 23:49:00,40.769088,-73.837008,40.745112,-73.836102,2.65,15.56$,2.0,Cash
757,2023-01-10 18:39:00,2023-01-10 19:27:00,40.866003,-73.998545,40.854618,-74.025712,3.25,1910.43¥,1.0,Cash
758,2023-02-26 10:21:00,2023-02-26 11:06:00,40.824198,-73.849609,40.845413,-73.857154,2.48,1938.34¥,4.0,CREDIT CARD
759,2023-02-15 21:55:00,2023-02-15 22:44:00,40.662878,-73.848559,40.642594,-73.854943,2.35,11.16€,4.0,Cash
760,2023-02-21 13:01:00,2023-02-21 13:45:00,40.675533,-73.841276,40.668852,-73.851856,1.38,1653.01¥,5.0,Unknown
761,2023-01-01 17:56:00,2023-01-01 18:29:00,40.757164,-73.962255,40.760415,-73.938901,2.6,,4.0,Unknown
762,2023-01-11 10:56:00,2023-01-11 11:49:00,40.830688,-73.762622,40.811364,-73.768876,2.24,9.6£,3.0,Credit Card
763,2023-01-24 20:01:00,2023-01-24 20:28:00,32.81996577625512,-101.12302849122972,39.29937550468998,-104.33576722828718,2.33,7.99£,1.0,Credit Card
764,2023-01-24 20:01:00,2023-01-24 20:28:00,40.785629,-73.710345,40.797668,-73.727689,2.33,7.99£,1.0,Credit Card
765,2023-02-07 06:13:00,2023-02-07 06:41:00,40.750397,-73.95274,40.767276,-73.935639,2.65,2246.92¥,4.0,Credit Card
766,2023-01-24 20:25:00,2023-01-24 20:32:00,40.779138,-73.747077,40.787213,-73.728326,2.25,8.59€,5.0,Credit Card
767,2023-01-08 06:09:00,2023-01-08 06:31:00,40.826818,-73.947432,40.848526,-73.956707,2.6,8.64£,4.0,Credit Card
768,2023-01-27 23:20:00,2023-01-27 23:32:00,40.761124,-73.927876,40.738966,-73.908593,3.24,11.53€,3.0,Credit Card
769,2023-01-28 16:34:00,2023-01-28 17:27:00,40.869326,-73.775095,40.839524,-73.762755,3.56,2349.27¥,1.0,Credit Card
770,2023-01-14 18:36:00,2023-01-14 19:28:00,40.88412,-74.001934,40.870137,-74.025334,3.01,9.39€,5.0,Cash
771,2023-02-01 04:09:00,2023-02-01 05:01:00,40.874606,-74.028367,40.895008,-74.036279,2.41,11.38€,2.0,Credit Card
772,2023-01-27 00:58:00,2023-01-27 01:47:00,40.826356,-73.914679,40.803974,-73.893554,3.39,14.6$,3.0,Credit Card
773,2023-01-31 21:31:00,2023-01-31 22:22:00,40.673896,-74.004611,40.689727,-74.012234,1.94,,,Credit Card
774,2023-02-08 12:40:00,2023-02-08 12:49:00,40.715581,-74.022157,40.741339,-74.000252,3.73,17.61$,3.0,Unknown
775,2023-01-04 07:44:00,2023-01-04 08:17:00,40.684,-73.843945,40.687646,-73.847218,0.54,6.87$,5.0,Cash
776,,2029-02-22 16:47:00,40.797298,-73.985609,40.82028,-73.981732,2.57,7.02£,2.0,Credit Card
777,2023-02-20 11:46:00,2023-02-20 11:58:00,40.697266,-73.944685,40.682153,-73.951321,1.82,1420.41¥,1.0,Credit Card
778,2023-02-03 04:01:00,2023-02-03 04:24:00,40.826317,-73.794819,40.839687,-73.788017,1.65,6.75€,5.0,Credit Card
779,2023-02-18 02:03:00,2023-02-18 02:23:00,40.634053,-74.017451,40.650861,-74.01601,1.86,1654.56¥,3.0,Credit Card
780,2023-01-16 09:37:00,2023-01-16 10:09:00,40.832609,-73.702111,40.831859,-73.681561,2.27,12.68€,5.0,Credit Card
781,2023-02-21 11:09:00,2023-02-21 11:15:00,40.775771,-73.941935,40.781936,-73.913894,3.17,15.75$,5.0,Credit Card
782,2023-01-07 18:42:00,2023-01-07 19:10:00,40.850617,-73.85903,40.82595,-73.871678,3.06,2267.08¥,5.0,Credit Card
783,2023-02-18 09:01:00,2023-02-18 09:44:00,40.729263,-73.772853,40.715843,-73.793596,2.72,10.88$,1.0,Credit Card
784,2023-01-30 03:59:00,2023-01-30 04:51:00,40.787489,-73.967048,40.762097,-73.977396,,2553.95¥,2.0,CREDIT CARD
785,2023-02-17 10:52:00,2023-02-17 10:54:00,40.766324,-73.930593,40.75069,-73.917844,2.22,10.41£,3.0,CREDIT CARD
786,2023-01-17 06:17:00,2023-01-17 06:24:00,40.892701,-73.977806,40.916256,-73.995161,3.23,11.29£,4.0,Credit Card
787,2023-01-21 03:05:00,2023-01-21 03:42:00,40.826642,-73.917498,40.798493,-73.928182,3.32,15.73€,5.0,credit card
788,2023-01-26 21:46:00,2023-01-26 22:19:00,40.763444,-73.792772,40.763254,-73.766674,2.88,7.87£,2.0,No Charge
789,2023-02-12 05:31:00,2023-02-12 06:07:00,40.65221,-73.799951,40.65357,-73.784748,1.68,1501.05¥,5.0,Cash
790,2023-01-28 12:10:00,2023-01-28 12:35:00,40.871234,-73.986293,40.858381,-73.959081,3.32,10.29€,1.0,Unknown
791,2023-02-22 06:55:00,2023-02-22 07:05:00,40.661751,-73.883077,40.678649,-73.907875,3.31,,4.0,Credit Card
792,2023-02-22 06:55:00,2023-02-22 07:05:00,40.661751,-73.883077,40.678649,-73.907875,3.31,270,4.0,Credit Card
793,2023-01-18 14:36:00,2023-01-18 15:00:00,40.795013,-73.809128,40.800386,-73.809884,0.6,6.27€,2.0,Cash
794,2023-03-01 04:16:00,2023-03-01 04:54:00,40.880942,-73.791648,40.862656,-73.76737,3.35,1901.12¥,5.0,Credit Card
795,2023-02-04 02:59:00,2023-02-04 03:11:00,40.667074,-73.827387,40.665345,-73.83102,0.44,6.86£,5.0,Dispute
796,2023-02-06 00:29:00,2023-02-06 00:52:00,40.667777,-73.981812,40.639179,-73.970452,3.39,15.56$,1.0,Cash
797,,2030-01-11 20:22:00,40.855546,-73.746172,40.82662,-73.765957,3.87,2847.03¥,1.0,Cash
798,2023-02-06 18:07:00,2023-02-06 18:47:00,40.848297,-73.949043,40.86239,-73.964238,2.29,8.15£,4.0,Credit Card
799,2023-01-08 22:53:00,2023-01-08 23:36:00,40.705511,-73.920527,40.685847,-73.925117,2.23,8.3£,1.0,CREDIT CARD
800,2023-01-16 23:21:00,2023-01-17 00:14:00,40.679529,-73.854526,40.707638,-73.865697,3.34,10.05€,2.0,Cash
801,2023-02-10 06:06:00,2023-02-10 06:23:00,40.638217,-73.749218,40.629709,-73.740585,1.34,6.36$,1.0,Cash
802,2023-02-28 19:25:00,2023-02-28 20:13:00,40.896381,-73.822622,40.908304,-73.803037,2.53,10.69€,1.0,Credit Card
803,2023-02-18 14:59:00,2023-02-18 15:19:00,40.850603,-73.804409,40.848351,-73.812924,0.97,7.01£,3.0,Credit Card
804,2023-02-24 18:56:00,2023-02-24 19:38:00,40.869817,-73.974271,40.864385,-73.958478,1.84,8.94£,5.0,Credit Card
805,2023-02-27 13:11:00,2023-02-27 13:35:00,40.754104,-73.926603,40.76418,-73.939794,1.83,1408.01¥,4.0,Cash
806,2023-02-14 16:23:00,2023-02-14 16:30:00,40.634315,-74.002087,40.641879,-74.007902,1.05,7.24$,4.0,CREDIT CARD
807,2023-01-14 00:36:00,2023-01-14 01:02:00,40.615774,-73.792084,40.638386,-73.81995,3.96,14.04$,2.0,Credit Card
808,2023-02-18 22:55:00,2023-02-18 23:03:00,40.699175,-73.717935,40.67424,-73.739258,3.62,0,5.0,Credit Card
809,2023-02-12 10:58:00,2023-02-12 11:05:00,40.876099,-73.792796,40.876492,-73.81605,2.57,2381.83¥,4.0,Cash
810,2023-02-27 01:28:00,2023-02-27 02:23:00,40.884275,-74.006362,40.890736,-74.001746,0.88,7.49$,4.0,Credit Card
811,2023-01-02 05:11:00,2023-01-02 05:37:00,40.852349,-73.807322,40.86134,-73.799663,1.3,1076.16¥,5.0,Credit Card
812,2023-01-03 07:41:00,2023-01-03 08:01:00,40.647604,-73.898371,40.655133,-73.925048,3.06,1756.91¥,2.0,Credit Card
813,2023-01-08 01:26:00,2023-01-08 01:58:00,42.03868545306015,-106.98452333620705,45.51568800035148,-71.22996339493528,0.96,9.69$,2.0,Credit Card
814,2023-01-26 21:17:00,2023-01-26 21:38:00,40.673873,-73.700184,40.645738,-73.684995,3.53,16.1$,5.0,Cash
815,2023-02-12 03:45:00,2023-02-12 04:18:00,40.661605,-73.796556,40.674415,-73.796309,1.41,10.64€,1.0,Credit Card
816,2023-01-02 15:11:00,2023-01-02 16:01:00,40.805448,-73.832147,40.778078,-73.834446,3.03,2639.24¥,3.0,Credit Card
817,2023-01-16 12:17:00,2023-01-16 12:53:00,40.745834,-73.744416,40.744076,-73.736359,0.91,3.94£,5.0,Unknown
818,2023-02-14 20:47:00,2023-02-14 21:42:00,40.697473,-73.936131,40.71062,-73.943181,1.65,6.36€,1.0,Credit Card
819,2023-01-20 11:23:00,2023-01-20 11:38:00,40.630064,-73.816604,40.616475,-73.810151,1.66,6.75€,4.0,Credit Card
820,2023-01-10 09:47:00,2023-01-10 10:19:00,40.763429,-73.886102,40.735097,-73.860627,4.2,13.3£,4.0,Cash
821,2023-03-01 14:20:00,2023-03-01 14:22:00,40.704108,-74.006618,40.679671,-73.985324,3.57,13.57€,2.0,Credit Card
822,2023-02-15 09:59:00,2023-02-15 10:40:00,40.717329,-73.860626,40.695675,-73.846361,2.86,13.52€,1.0,Credit Card
823,2023-01-02 14:03:00,2023-01-02 14:41:00,40.693153,-73.828832,40.703059,-73.806419,2.7,9.88€,1.0,Cash
