pickup_datetime,dropoff_datetime,pickup_latitude,pickup_longitude,dropoff_latitude,dropoff_longitude,trip_distance_miles,fare_amount_usd,passenger_count,payment_type
2023-02-20 17:27:00,2023-02-20 17:49:00,40.808941,-73.914482,40.807336,-73.90527,1.03,5.84,5.0,credit_card
2023-02-28 19:41:00,2023-02-28 20:07:00,40.685842,-73.855449,40.663358,-73.826745,4.02,20.748,4.0,unknown
2023-02-14 08:37:00,2023-02-14 09:07:00,40.668055,-74.04505,40.642572,-74.055617,3.04,19.73385,5.0,credit_card
2023-01-16 23:54:00,2023-01-17 00:40:00,40.765394,-73.753324,40.775285,-73.775441,2.67,13.7544,4.0,credit_card
2023-02-11 01:16:00,2023-02-11 01:35:00,40.815841,-73.727328,40.836115,-73.746976,3.11,16.165999999999997,3.0,credit_card
2023-01-09 06:27:00,2023-01-09 06:55:00,40.726932,-73.857315,40.752378,-73.885385,4.18,13.406400000000001,4.0,credit_card
2023-01-11 20:24:00,2023-01-11 20:41:00,40.894229,-73.956193,40.88752,-73.93676,2.27,10.6,2.0,credit_card
2023-01-02 06:40:00,2023-01-02 07:02:00,40.805449,-73.703416,40.831748,-73.728847,4.03,13.7544,4.0,cash
2023-01-17 06:44:00,2023-01-17 07:24:00,40.74428,-73.915882,40.763468,-73.892262,3.36,13.06,4.0,credit_card
2023-02-02 03:25:00,2023-02-02 04:07:00,40.717635,-73.807221,40.713078,-73.834314,3.03,10.19,4.0,credit_card
2023-01-06 09:08:00,2023-01-06 09:57:00,40.702953,-73.808517,40.697333,-73.789718,2.16,17.15193,4.0,cash
2023-02-07 13:55:00,2023-02-07 14:36:00,40.818715,-73.897992,40.808724,-73.916246,2.3,8.911000000000001,4.0,credit_card
2023-01-20 17:12:00,2023-01-20 17:19:00,40.731572,-73.980295,40.705719,-74.00891,4.25,13.7544,1.0,credit_card
2023-02-24 00:50:00,2023-02-24 01:39:00,40.617903,-73.711697,40.588487,-74.02398,3.51,14.736400000000001,2.0,cash
2023-01-14 10:05:00,2023-01-14 10:39:00,40.600628,-74.043085,40.582847,-74.02398,3.7,13.7544,5.0,credit_card
2023-01-27 18:36:00,2023-01-27 19:32:00,40.600628,-74.043085,40.582847,-74.02398,2.1,11.491200000000001,1.0,credit_card
2023-02-21 04:26:00,2023-02-21 05:04:00,40.600628,-74.043085,40.582847,-74.02398,3.3,18.156779999999998,3.0,credit_card
2023-01-22 10:35:00,2023-01-22 10:40:00,40.652636,-73.947109,40.632078,-73.969827,3.38,14.33,3.0,cash
2023-02-27 16:06:00,2023-02-27 16:25:00,40.759465,-73.760015,40.771011,-73.782491,2.79,12.821200000000001,3.0,credit_card
2023-01-23 20:25:00,2023-01-23 20:33:00,40.759548,-73.921457,40.773368,-73.908066,2.12,8.767399999999999,1.0,cash
2023-02-15 03:46:00,2023-02-15 04:06:00,40.79032,-74.020828,40.787903,-73.992499,3.14,20.12463,1.0,cash
2023-02-28 22:14:00,2023-02-28 22:19:00,40.85483,-73.981292,40.831889,-73.996617,3.04,12.8738,3.0,credit_card
2023-02-28 11:20:00,2023-02-28 11:59:00,40.817337,-73.748869,40.830507,-73.754935,1.6,12.16,5.0,credit_card
2023-01-25 12:20:00,2023-01-25 13:05:00,40.783307,-73.70804,40.808126,-73.715577,2.86,13.7544,2.0,credit_card
2023-01-10 17:26:00,2023-01-10 18:07:00,40.816733,-73.956206,40.808704,-73.970798,1.84,7.128800000000001,3.0,credit_card
2023-01-30 03:46:00,2023-01-30 03:52:00,40.696888,-73.813607,40.712412,-73.800845,2.22,16.077329999999996,5.0,credit_card
2023-02-18 15:03:00,2023-02-18 15:46:00,40.708537,-74.02158,40.723052,-74.035302,2.2,11.5758,3.0,unknown
2023-02-16 15:55:00,2023-02-16 16:19:00,40.668479,-73.796787,40.641721,-73.795922,2.95,13.7544,4.0,unknown
2023-02-26 05:43:00,2023-02-26 06:20:00,40.688114,-73.904247,40.661457,-73.926462,3.83,13.7544,4.0,cash
2023-01-13 16:24:00,2023-01-13 16:45:00,40.789293,-73.728644,40.79989,-73.707766,2.58,15.045,5.0,credit_card
2023-01-26 22:16:00,2023-01-26 22:39:00,40.627631,-73.940962,40.647486,-73.92972,2.52,14.5258,3.0,credit_card
2023-01-27 12:40:00,2023-01-27 13:40:00,40.73011,-73.720487,40.755344,-73.718161,2.79,15.55,5.0,credit_card
2023-02-17 08:34:00,2023-02-17 09:10:00,40.729259,-73.873863,40.707759,-73.867018,2.49,11.89,1.0,credit_card
2023-01-20 10:18:00,2023-01-20 10:22:00,40.748106,-73.927887,40.753109,-73.944425,0.3361481481481481,13.607099999999999,5.0,cash
2023-01-10 08:02:00,2023-01-10 08:40:00,40.727749,-73.823543,40.714672,-73.8029,2.7,10.945900000000002,3.0,cash
2023-01-19 11:35:00,2023-01-19 12:26:00,40.693678,-73.962589,40.67704,-73.985244,3.1,13.35,4.0,credit_card
2023-01-07 03:56:00,2023-01-07 04:19:00,40.727905,-73.969583,40.742209,-73.946714,2.97,15.295000000000002,2.0,credit_card
2023-02-22 04:48:00,2023-02-22 05:18:00,40.868017,-73.981279,40.862808,-73.97449,0.94,5.8653,5.0,cash
2023-02-04 20:00:00,2023-02-04 20:38:00,40.883248,-73.714035,40.87951,-74.02398,2.94,10.230599999999999,5.0,credit_card
2023-01-22 20:44:00,2023-01-22 20:52:00,40.750551,-73.87748,40.771215,-73.89019,2.68,14.011829999999998,4.0,credit_card
2023-02-06 06:47:00,2023-02-06 07:12:00,40.787186,-73.786935,40.771507,-73.760812,3.36,18.08,5.0,credit_card
2023-02-18 18:30:00,2023-02-18 18:43:00,40.634686,-73.884103,40.636386,-73.875804,0.93,4.455500000000001,4.0,cash
2023-02-06 12:50:00,2023-02-06 13:09:00,40.695186,-73.844361,40.714848,-73.873762,3.9,13.7544,3.0,credit_card
2023-01-09 02:36:00,2023-01-09 03:27:00,40.724448,-73.845551,40.702361,-73.869378,3.58,18.0186,4.0,cash
2023-02-04 10:01:00,2023-02-04 10:29:00,40.859893,-73.70704,40.865664,-73.701468,0.88,5.72,1.0,credit_card
2023-02-05 13:34:00,2023-02-05 13:54:00,40.675137,-73.816048,40.695368,-73.840344,3.49,13.7544,1.0,credit_card
2023-01-28 16:59:00,2023-01-28 17:31:00,40.74491,-73.966081,40.760778,-73.951208,2.4,15.3046,1.0,credit_card
2023-02-15 16:32:00,2023-02-15 17:02:00,40.895668,-74.044681,40.918737,-74.034363,2.79,11.6242,3.0,credit_card
2023-01-18 21:55:00,2023-01-18 22:49:00,40.755846,-73.973461,40.727799,-73.992221,3.72,13.7544,3.0,credit_card
2023-01-27 08:53:00,2023-01-27 09:32:00,40.783868,-73.890568,40.795356,-73.882353,1.56,10.2277,5.0,cash
2023-02-23 07:59:00,2023-02-23 08:45:00,40.847902,-73.765686,40.851323,-73.780906,1.72,12.17,4.0,credit_card
2023-01-22 09:06:00,2023-01-22 09:41:00,40.76352,-74.018816,40.758732,-74.033738,1.73,9.876599999999998,4.0,credit_card
2023-01-31 19:01:00,2023-01-31 19:10:00,40.702829,-73.716796,40.715081,-74.02398,2.77,17.0628,4.0,cash
2023-02-01 22:19:00,2023-02-01 22:29:00,40.691236,-73.86539,40.711661,-73.871616,2.35,11.67,2.0,cash
2023-02-15 02:29:00,2023-02-15 02:38:00,40.725107,-73.841259,40.75185,-73.841542,2.95,18.756899999999998,1.0,credit_card
2023-02-12 21:21:00,2023-02-12 22:08:00,40.80439,-73.90823,40.807096,-73.898551,1.11,6.84,4.0,cash
2023-01-10 06:58:00,2023-01-10 07:01:00,40.862637,-73.822675,40.851603,-73.799697,2.81,13.7544,5.0,dispute
2023-01-03 02:32:00,2023-01-03 03:03:00,40.753127,-73.745036,40.746528,-73.747666,2.605148148148148,9.4761,3.0,credit_card
2023-02-19 00:47:00,2023-02-19 01:32:00,40.800794,-73.814122,40.82273,-73.804828,2.63,13.7544,4.0,credit_card
2023-02-13 16:17:00,2023-02-13 16:56:00,40.775781,-73.710466,40.7602,-73.704655,1.83,17.30547,1.0,credit_card
2023-01-15 15:27:00,2023-01-15 16:07:00,40.787471,-73.804607,40.810467,-73.830278,3.8,20.0718,1.0,credit_card
2023-01-13 14:54:00,2023-01-13 15:09:00,40.802407,-73.762398,40.775877,-73.754424,3.06,15.241800000000001,5.0,credit_card
2023-01-19 21:07:00,2023-01-19 21:44:00,40.829105,-73.820837,40.852108,-73.844445,3.64,16.625,2.0,credit_card
2023-01-11 18:11:00,2023-01-11 18:19:00,40.658267,-73.755164,40.661947,-73.741905,1.52,13.7544,2.0,credit_card
2023-01-24 02:45:00,2023-01-24 02:56:00,40.771737,-73.83504,40.800576,-73.817893,3.7,19.0216,3.0,credit_card
2023-01-31 06:03:00,2023-01-31 07:01:00,40.628714,-74.015585,40.655795,-74.010184,3.05,11.5444,2.0,credit_card
2023-02-04 22:26:00,2023-02-04 22:33:00,40.604839,-74.043085,40.582847,-74.02398,3.21,17.22177,5.0,credit_card
2023-02-04 22:26:00,2023-02-04 22:33:00,40.604839,-74.043085,40.582847,-74.02398,0.5882592592592593,17.22177,5.0,credit_card
2023-01-19 20:00:00,2023-01-19 20:45:00,40.600628,-74.043085,40.582847,-74.02398,0.38,6.407399999999999,5.0,credit_card
2023-01-20 21:18:00,2023-01-20 21:33:00,40.600628,-74.043085,40.582847,-74.02398,0.55,7.6582,5.0,credit_card
2023-02-03 11:55:00,2023-02-03 12:41:00,40.647688,-73.934752,40.623802,-73.913932,3.49,13.07,5.0,credit_card
2023-02-12 11:43:00,2023-02-12 12:40:00,40.645921,-73.942461,40.616601,-73.956741,3.6,13.7544,5.0,credit_card
2023-02-26 01:39:00,2023-02-26 02:19:00,40.808659,-73.787108,40.779635,-73.797503,3.4,17.38917,5.0,credit_card
2023-02-25 00:44:00,2023-02-25 01:22:00,40.69563,-73.784481,40.709878,-73.808679,3.1,12.901,4.0,credit_card
2023-02-27 23:06:00,2023-02-27 23:35:00,40.807591,-73.798432,40.804438,-73.787524,1.25,11.410599999999999,4.0,credit_card
2023-01-01 13:26:00,2023-01-01 14:16:00,40.766315,-74.014586,40.765749,-74.031807,1.9,12.62,3.0,credit_card
2023-03-01 19:58:00,2023-03-01 20:58:00,40.716685,-73.869342,40.701899,-73.848148,2.85,10.427200000000001,1.0,cash
2023-02-27 21:38:00,2023-02-27 22:03:00,40.87754,-73.85477,40.87999,-73.848154,0.78,13.942079999999997,2.0,cash
2023-02-20 16:26:00,2023-02-20 16:41:00,40.852501,-73.789318,40.830133,-73.764636,3.67,18.980189999999997,3.0,credit_card
2023-01-16 23:30:00,2023-01-16 23:57:00,40.707219,-73.733888,40.687032,-73.760228,3.66,14.39,4.0,credit_card
2023-03-01 06:43:00,2023-03-01 07:30:00,40.613077,-73.920836,40.632136,-73.891334,3.87,14.219,5.0,credit_card
2023-02-20 07:59:00,2023-02-20 08:22:00,40.69143,-73.899968,40.663076,-73.9061,3.2,14.390600000000001,5.0,credit_card
2023-01-26 00:28:00,2023-01-26 01:05:00,40.719456,-73.793531,40.744417,-73.790792,2.77,15.494500000000002,1.0,credit_card
2023-02-09 00:34:00,2023-02-09 01:32:00,40.811488,-73.818077,40.801779,-73.809453,1.43,11.504999999999999,1.0,cash
2023-01-08 08:41:00,2023-01-08 09:26:00,40.898608,-73.854746,40.582847,-73.855629,2.86,14.9625,2.0,credit_card
2023-02-07 15:17:00,2023-02-07 15:42:00,40.706774,-73.927451,40.680596,-73.925778,2.89,13.565999999999999,5.0,credit_card
2023-02-11 23:07:00,2023-02-11 23:24:00,40.828764,-73.981627,40.817526,-73.986597,1.36,8.1892,4.0,cash
2023-01-23 21:15:00,2023-01-23 21:53:00,40.777953,-73.985667,40.783543,-74.004454,2.16,11.1986,2.0,credit_card
2023-01-04 00:36:00,2023-01-04 01:26:00,40.807511,-74.021446,40.833779,-73.993279,4.25,15.9064,1.0,credit_card
2023-01-10 16:58:00,2023-01-10 17:43:00,40.645338,-74.02158,40.620738,-74.003514,3.37,13.7544,2.0,cash
2023-01-04 09:30:00,2023-01-04 10:00:00,40.719663,-73.753971,40.738214,-73.748097,2.15,17.6544,5.0,credit_card
2023-02-02 03:25:00,2023-02-02 04:20:00,40.672257,-73.915715,40.679038,-73.94232,3.03,17.724149999999998,4.0,no_charge
2023-02-15 16:33:00,2023-02-15 16:49:00,40.753938,-73.736251,40.783477,-73.761607,4.29,18.5269,2.0,credit_card
2023-02-02 20:24:00,2023-02-02 21:12:00,40.799987,-73.971855,40.789252,-73.954924,2.21,12.2,3.0,credit_card
2023-02-02 20:24:00,2023-02-02 21:12:00,40.799987,-73.971855,40.789252,-73.954924,2.21,12.2,3.0,credit_card
2023-01-24 14:28:00,2023-01-24 15:07:00,40.631773,-73.956156,40.623384,-73.982627,3.06,10.8129,2.0,credit_card
2023-02-24 00:31:00,2023-02-24 01:12:00,40.600628,-74.043085,40.582847,-74.02398,1.75,11.69,2.0,cash
2023-01-13 21:19:00,2023-01-13 22:12:00,40.696594,-73.711375,40.704099,-74.02398,2.43,12.5286,4.0,credit_card
2023-01-02 17:09:00,2023-01-02 17:53:00,40.798469,-74.010611,40.787174,-74.013626,1.29,7.514500000000001,4.0,credit_card
2023-02-23 12:03:00,2023-02-23 12:41:00,40.853952,-73.797243,40.866331,-73.793968,1.41,7.8337,1.0,credit_card
2023-01-25 23:08:00,2023-01-25 23:52:00,40.765977,-73.723769,40.740905,-73.703514,3.55,13.7544,1.0,credit_card
2023-01-16 07:23:00,2023-01-16 07:30:00,40.856336,-73.8162,40.838024,-73.787958,3.71,17.9478,3.0,credit_card
2023-01-13 19:29:00,2023-01-13 20:05:00,40.695036,-73.965144,40.710014,-73.987356,2.95,16.2486,2.0,cash
2023-01-13 00:05:00,2023-01-13 01:01:00,40.706279,-73.814125,40.733153,-73.792276,3.82,18.6732,3.0,credit_card
2023-01-03 18:45:00,2023-01-03 19:38:00,40.651325,-73.804695,40.667447,-73.793982,2.13,13.07682,1.0,credit_card
2023-02-27 08:13:00,2023-02-27 08:34:00,40.848734,-73.889584,40.829106,-73.903242,2.64,14.0656,5.0,cash
2023-01-27 00:02:00,2023-01-27 00:15:00,40.600628,-74.043085,40.582847,-74.02398,1.0924814814814814,13.11867,4.0,cash
2023-02-18 04:57:00,2023-02-18 05:25:00,40.765711,-73.806965,40.775982,-73.830294,2.81,21.617909999999995,5.0,credit_card
2023-02-25 12:05:00,2023-02-25 13:02:00,40.773565,-73.736793,40.762132,-73.765072,3.36,14.88,2.0,unknown
2023-02-15 20:52:00,2023-02-15 20:55:00,40.75646,-73.786378,40.750869,-73.772459,1.65,10.56,3.0,credit_card
2023-02-04 11:36:00,2023-02-04 12:06:00,40.600806,-73.867898,40.586155,-73.854454,2.19,9.07,3.0,credit_card
2023-02-04 16:16:00,2023-02-04 17:13:00,40.896504,-73.875459,40.898557,-73.863802,1.31,8.9,5.0,cash
2023-01-04 10:47:00,2023-01-04 11:45:00,40.871602,-73.891195,40.893771,-73.868128,3.53,19.529,4.0,cash
2023-02-25 08:58:00,2023-02-25 09:49:00,40.662291,-74.042424,40.646672,-74.055225,2.23,17.33337,3.0,credit_card
2023-01-30 22:55:00,2023-01-30 23:07:00,40.687747,-73.862701,40.689519,-73.867283,0.54,13.718789999999998,3.0,no_charge
2023-02-01 19:50:00,2023-02-01 19:54:00,40.756003,-73.901959,40.765903,-73.916925,0.3361481481481481,10.265999999999998,4.0,cash
2023-02-28 05:21:00,2023-02-28 05:24:00,40.895089,-74.008326,40.880268,-74.000105,1.87,18.784799999999997,5.0,credit_card
2023-02-08 14:19:00,2023-02-08 15:11:00,40.677263,-73.892727,40.681299,-73.89826,0.76,8.88,4.0,cash
2023-02-27 06:59:00,2023-02-27 07:59:00,40.769308,-74.03603,40.78882,-74.009923,3.59,15.2817,3.0,cash
2023-01-08 13:46:00,2023-01-08 14:21:00,40.600628,-74.043085,40.582847,-74.02398,1.8,16.28667,5.0,cash
2023-02-10 18:24:00,2023-02-10 18:54:00,40.718311,-73.917658,40.742242,-73.892599,3.82,20.57121,5.0,credit_card
2023-01-24 02:03:00,2023-01-24 02:11:00,40.819322,-73.916262,40.838796,-73.902434,2.63,17.766,1.0,credit_card
2023-01-17 11:03:00,2023-01-17 11:31:00,40.648321,-74.032106,40.641965,-74.005787,2.99,15.81219,5.0,credit_card
2023-02-15 03:08:00,2023-02-15 03:12:00,40.78021,-73.900665,40.799018,-73.885203,2.69,14.73,4.0,cash
2023-02-21 13:31:00,2023-02-21 13:39:00,40.859759,-74.044489,40.880714,-74.061008,2.94,21.757409999999997,1.0,cash
2023-02-28 20:03:00,2023-02-28 20:50:00,40.895056,-74.039467,40.881956,-74.028087,1.91,12.395600000000002,1.0,cash
2023-01-21 00:51:00,2023-01-21 01:06:00,40.62381,-73.931315,40.600719,-73.947009,3.08,17.310599999999997,3.0,credit_card
2023-01-30 07:54:00,2023-01-30 08:33:00,40.728504,-73.762661,40.704559,-73.775224,2.98,21.897,4.0,credit_card
2023-03-01 21:41:00,2023-03-01 22:33:00,40.600628,-74.043085,40.582847,-74.02398,3.12,13.39,5.0,credit_card
2023-01-02 06:59:00,2023-01-02 07:06:00,40.764329,-73.992873,40.774616,-73.996832,1.22,10.749799999999999,3.0,credit_card
2023-01-18 17:35:00,2023-01-18 17:51:00,40.627998,-73.791027,40.621401,-73.766599,2.79,15.7605,5.0,credit_card
2023-01-18 11:30:00,2023-01-18 11:36:00,40.689058,-73.791597,40.705873,-73.786009,1.95,12.93,2.0,credit_card
2023-01-30 03:28:00,2023-01-30 03:37:00,40.770701,-73.926916,40.794253,-73.919515,2.72,13.298599999999999,5.0,credit_card
2023-01-27 12:20:00,2023-01-27 13:08:00,40.737224,-73.926703,40.74573,-73.936211,4.033777777777778,10.826200000000002,2.0,credit_card
2023-01-18 14:34:00,2023-01-18 14:45:00,40.826058,-73.769274,40.849585,-73.749094,3.42,16.359,4.0,credit_card
2023-01-18 14:34:00,2023-01-18 14:45:00,40.826058,-73.769274,40.849585,-73.749094,3.42,13.7544,4.0,credit_card
2023-02-14 07:00:00,2023-02-14 07:10:00,40.822559,-73.910652,40.84457,-73.935307,3.65,18.86,2.0,credit_card
2023-02-14 12:14:00,2023-02-14 12:37:00,40.614574,-73.795483,40.600872,-73.81236,2.4,13.88,4.0,credit_card
2023-01-28 03:46:00,2023-01-28 04:20:00,40.812609,-73.846607,40.817922,-73.870964,2.75,11.717300000000002,1.0,unknown
2023-02-20 01:46:00,2023-02-20 02:21:00,40.851773,-73.92248,40.837503,-73.900451,2.89,14.54,4.0,unknown
2023-02-26 15:45:00,2023-02-26 15:57:00,40.649781,-74.021998,40.658051,-74.035674,1.76,13.472900000000001,1.0,cash
2023-02-26 15:47:00,2023-02-26 16:40:00,40.834299,-74.009356,40.858128,-73.979672,4.2,16.626199999999997,2.0,credit_card
2023-02-06 05:21:00,2023-02-06 06:02:00,40.685961,-73.738654,40.684949,-73.75954,2.31,9.1371,1.0,dispute
2023-02-15 00:14:00,2023-02-15 01:10:00,40.691941,-73.891681,40.711415,-73.902231,2.44,10.336799999999998,4.0,credit_card
2023-01-29 13:56:00,2023-01-29 14:21:00,40.633418,-73.922636,40.655446,-73.914513,2.59,16.46811,3.0,credit_card
2023-01-09 06:34:00,2023-01-09 07:05:00,40.799462,-73.962516,40.826114,-73.962828,2.94,12.51,3.0,credit_card
2023-01-10 07:48:00,2023-01-10 08:20:00,40.866357,-73.927311,40.855161,-73.947482,2.54,14.77944,4.0,credit_card
2023-02-16 12:50:00,2023-02-16 13:22:00,40.808893,-73.92992,40.821472,-73.912464,2.37,19.943189999999998,3.0,credit_card
2023-02-16 12:50:00,2023-02-16 13:22:00,40.808893,-73.92992,40.821472,-73.912464,2.37,19.943189999999998,3.0,credit_card
2023-01-14 13:56:00,2023-01-14 14:22:00,40.732098,-73.826925,40.751252,-73.836944,2.38,13.7544,1.0,credit_card
2023-01-05 12:41:00,2023-01-05 13:22:00,40.731464,-74.045542,40.70892,-74.030355,3.0,13.7544,1.0,dispute
2023-02-13 20:38:00,2023-02-13 21:21:00,40.829529,-73.782856,40.824396,-73.777888,0.79,11.834729999999999,3.0,credit_card
2023-01-03 21:44:00,2023-01-03 21:59:00,40.769693,-73.904255,40.752088,-73.897255,2.09,11.8708,3.0,credit_card
2023-01-24 12:15:00,2023-01-24 13:15:00,40.625471,-73.898716,40.640265,-73.909199,2.0,7.67,5.0,credit_card
2023-01-15 19:01:00,2023-01-15 19:45:00,40.774801,-73.88161,40.769156,-73.907107,2.88,17.6646,1.0,credit_card
2023-01-22 07:39:00,2023-01-22 08:08:00,40.844453,-73.892776,40.814461,-73.887056,3.37,19.0988,1.0,credit_card
2023-01-23 10:03:00,2023-01-23 10:38:00,40.70112,-73.875885,40.686878,-73.861275,2.25,13.2868,1.0,credit_card
2023-02-06 16:11:00,2023-02-06 16:56:00,40.878273,-73.928933,40.860471,-73.92437,2.03,13.44,1.0,credit_card
2023-01-01 07:05:00,2023-01-01 07:59:00,40.825215,-73.891329,40.799701,-73.885259,2.89,15.7412,2.0,credit_card
2023-01-04 00:22:00,2023-01-04 00:59:00,40.772219,-73.908372,40.774068,-73.896527,1.32,9.91,3.0,credit_card
2023-02-15 13:48:00,2023-02-15 13:55:00,40.825493,-73.868615,40.81571,-73.895927,3.2,13.23,3.0,cash
2023-01-11 13:01:00,2023-01-11 13:38:00,40.623745,-73.831856,40.606881,-73.848435,2.61,13.88,4.0,cash
2023-02-25 01:02:00,2023-02-25 01:29:00,40.857817,-73.965636,40.884017,-73.958804,2.99,13.645800000000001,5.0,cash
2023-01-27 01:13:00,2023-01-27 01:16:00,40.846451,-73.872047,40.835878,-73.89391,0.2521111111111111,15.18417,2.0,credit_card
2023-01-10 01:47:00,2023-01-10 02:24:00,40.872961,-73.841882,40.850624,-73.855665,2.89,19.31517,2.0,dispute
2023-02-14 23:40:00,2023-02-15 00:07:00,40.638589,-74.044068,40.63998,-74.071367,3.01,11.4696,2.0,credit_card
2023-02-19 02:05:00,2023-02-19 02:44:00,40.624534,-73.867827,40.648074,-73.88491,3.21,13.7544,2.0,cash
2023-01-28 12:37:00,2023-01-28 13:26:00,40.641525,-73.966247,40.658202,-73.995551,3.72,15.99,5.0,unknown
2023-01-23 09:55:00,2023-01-23 09:59:00,40.719814,-73.908412,40.698705,-73.889313,3.14,13.7544,1.0,credit_card
2023-02-26 12:01:00,2023-02-26 12:12:00,40.768666,-73.935818,40.752896,-73.933016,1.77,7.6608,2.0,credit_card
2023-02-02 20:33:00,2023-02-02 21:12:00,40.636673,-73.880874,40.662331,-73.910537,4.33,13.48,1.0,credit_card
2023-01-10 13:47:00,2023-01-10 14:28:00,40.66042,-74.041341,40.647177,-74.020333,2.74,15.481599999999998,5.0,credit_card
2023-01-11 12:17:00,2023-01-11 12:47:00,40.843493,-73.941937,40.823656,-73.971933,3.97,13.7544,2.0,cash
2023-02-05 09:03:00,2023-02-05 09:35:00,40.740396,-73.826098,40.737703,-73.808859,1.92,9.0506,5.0,cash
2023-02-04 14:15:00,2023-02-04 14:45:00,40.842381,-73.939693,40.849088,-73.956556,2.0,10.277800000000001,4.0,credit_card
2023-02-01 11:37:00,2023-02-01 12:32:00,40.602228,-73.977971,40.581739,-73.958759,3.1,13.25,1.0,credit_card
2023-02-16 06:02:00,2023-02-16 06:15:00,40.765478,-73.948271,40.736948,-73.970523,3.99,19.3992,1.0,credit_card
2023-01-24 18:04:00,2023-01-24 18:13:00,40.87958,-73.715968,40.855266,-73.713127,2.7,14.67,5.0,credit_card
2023-02-06 23:24:00,2023-02-06 23:46:00,40.774653,-74.019619,40.78371,-74.047852,3.27,18.809199999999997,3.0,credit_card
2023-02-03 18:39:00,2023-02-03 19:14:00,40.661829,-73.887825,40.641636,-73.884546,2.26,17.69625,3.0,credit_card
2023-02-08 13:36:00,2023-02-08 13:53:00,40.815327,-74.029565,40.800858,-74.051584,2.91,19.8036,4.0,credit_card
2023-01-05 12:28:00,2023-01-05 12:53:00,40.713696,-73.86147,40.724239,-73.843103,2.34,14.332859999999998,5.0,credit_card
2023-02-16 20:35:00,2023-02-16 20:59:00,40.800515,-73.998887,40.822797,-74.014713,3.01,13.758799999999999,5.0,credit_card
2023-02-24 11:56:00,2023-02-24 12:37:00,40.608796,-73.82807,40.635956,-73.851114,3.93,16.4255,1.0,cash
2023-02-14 01:27:00,2023-02-14 02:13:00,40.79077,-73.957461,40.783785,-73.985636,3.2,16.16,1.0,credit_card
2023-02-03 05:59:00,2023-02-03 06:27:00,40.609659,-73.80818,40.593242,-73.803731,1.88,8.6022,1.0,credit_card
2023-02-05 01:39:00,2023-02-05 02:38:00,40.823434,-73.928499,40.837782,-73.918781,1.91,9.63,5.0,credit_card
2023-02-05 19:22:00,2023-02-05 19:31:00,40.741874,-74.048541,40.754619,-74.024851,2.97,15.670399999999999,3.0,credit_card
2023-01-01 17:59:00,2023-01-01 18:47:00,40.636526,-73.946787,40.664992,-73.973081,4.27,15.4546,4.0,credit_card
2023-03-02 00:00:00,2023-03-02 00:09:00,40.762791,-74.021337,40.738664,-74.027822,2.76,11.2572,4.0,cash
2023-02-17 11:27:00,2023-02-17 12:03:00,40.620032,-73.876736,40.642721,-73.89695,3.35,14.590100000000001,5.0,cash
2023-01-13 12:56:00,2023-01-13 13:06:00,40.796009,-73.948888,40.776549,-73.948756,2.15,14.679199999999998,4.0,credit_card
2023-01-02 21:55:00,2023-01-02 22:44:00,40.898826,-73.826003,40.913666,-73.841698,2.38,17.682299999999998,1.0,credit_card
2023-02-18 18:26:00,2023-02-18 19:18:00,40.830819,-73.875022,40.860545,-73.88036,3.33,15.139399999999998,3.0,credit_card
2023-02-04 17:10:00,2023-02-04 17:19:00,40.772132,-74.037384,40.756039,-74.045267,1.98,9.156799999999999,2.0,credit_card
2023-01-18 02:40:00,2023-01-18 03:23:00,40.630791,-73.938478,40.645321,-73.927078,2.04,12.3424,3.0,credit_card
2023-02-09 01:48:00,2023-02-09 01:55:00,40.80995,-73.878829,40.8264,-73.864315,2.42,9.1637,4.0,credit_card
2023-02-14 15:32:00,2023-02-14 16:20:00,40.79835,-73.849729,40.785208,-73.854249,1.53,13.7544,4.0,credit_card
2023-02-13 15:36:00,2023-02-13 15:43:00,40.614729,-74.013295,40.640003,-74.028655,3.26,11.371500000000001,5.0,cash
2023-01-31 07:08:00,2023-01-31 07:51:00,40.83769,-73.82251,40.81187,-73.804831,3.45,15.033199999999999,3.0,credit_card
2023-01-21 03:49:00,2023-01-21 04:07:00,40.755615,-73.929706,40.739348,-73.908829,2.92,18.645299999999995,4.0,credit_card
2023-02-03 08:58:00,2023-02-03 09:52:00,40.72776,-73.985978,40.715435,-73.983577,1.38,7.248500000000001,2.0,credit_card
2023-02-14 09:39:00,2023-02-14 10:08:00,40.836456,-73.768136,40.811859,-73.783161,3.18,14.4904,1.0,credit_card
2023-02-16 19:17:00,2023-02-16 19:39:00,40.723471,-74.025982,40.708186,-74.008948,2.52,17.93349,5.0,credit_card
2023-02-01 15:59:00,2023-02-01 16:13:00,40.744308,-73.724581,40.761538,-73.733218,2.13,13.7544,4.0,credit_card
2023-02-15 05:54:00,2023-02-15 06:23:00,40.654489,-73.802807,40.640523,-73.777685,3.17,12.01,5.0,credit_card
2023-02-16 07:48:00,2023-02-16 07:54:00,40.696396,-73.883543,40.696793,-73.89754,1.54,8.23,1.0,credit_card
2023-01-24 00:46:00,2023-01-24 00:58:00,40.85366,-74.046094,40.831781,-74.019678,3.78,13.864999999999998,1.0,credit_card
2023-01-02 04:22:00,2023-01-02 04:49:00,40.656071,-73.913456,40.661572,-73.917781,0.77,5.958400000000001,2.0,credit_card
2023-01-15 02:54:00,2023-01-15 03:09:00,40.725187,-73.823971,40.73184,-73.808774,1.83,10.16,2.0,credit_card
2023-01-19 01:48:00,2023-01-19 02:47:00,40.67098,-73.833783,40.645459,-73.826295,2.93,17.47296,3.0,credit_card
2023-02-06 04:49:00,2023-02-06 04:53:00,40.87505,-73.910802,40.887157,-73.90587,1.44,9.93,1.0,dispute
2023-01-08 06:37:00,2023-01-08 07:34:00,40.875519,-73.893424,40.883525,-73.898206,1.03,11.01132,4.0,credit_card
2023-01-22 04:34:00,2023-01-22 05:29:00,40.627389,-73.744347,40.626324,-73.730221,1.56,13.7544,1.0,credit_card
2023-02-11 00:53:00,2023-02-11 01:07:00,40.739096,-73.927025,40.762821,-73.907946,3.36,15.8802,5.0,credit_card
2023-01-25 03:16:00,2023-01-25 03:34:00,40.750665,-74.027195,40.779301,-74.013559,3.5,13.7544,4.0,cash
2023-01-28 12:47:00,2023-01-28 13:32:00,40.694101,-73.895065,40.708044,-73.876279,2.58,13.7544,5.0,credit_card
2023-01-31 02:35:00,2023-01-31 03:30:00,40.614202,-73.700539,40.641938,-74.02398,3.46,17.24,4.0,cash
2023-01-18 14:27:00,2023-01-18 14:34:00,40.672506,-73.917079,40.651334,-73.938101,3.29,17.2988,3.0,credit_card
2023-02-08 14:09:00,2023-02-08 14:33:00,40.628659,-73.982431,40.608232,-73.966087,2.89,14.709800000000001,1.0,credit_card
2023-02-12 05:00:00,2023-02-12 05:28:00,40.671475,-74.034204,40.701419,-74.052763,3.89,18.58,1.0,credit_card
2023-02-16 14:51:00,2023-02-16 15:32:00,40.842337,-73.990161,40.83493,-74.014208,2.78,11.916800000000002,4.0,cash
2023-02-21 04:33:00,2023-02-21 04:45:00,40.868493,-73.936577,40.872061,-73.912479,2.69,14.927,3.0,dispute
2023-01-09 09:16:00,2023-01-09 09:59:00,40.600628,-74.043085,40.582847,-74.02398,3.01,20.222279999999998,3.0,cash
2023-01-05 01:49:00,2023-01-05 01:53:00,40.690584,-73.817044,40.696823,-73.836455,2.25,15.086429999999998,5.0,cash
2023-01-18 03:25:00,2023-01-18 04:15:00,40.600628,-74.043085,40.582847,-74.02398,2.61,10.1126,2.0,credit_card
2023-01-27 11:26:00,2023-01-27 12:20:00,40.761851,-73.722337,40.774289,-73.732366,1.76,10.336799999999998,2.0,cash
2023-01-25 06:37:00,2023-01-25 06:43:00,40.787893,-73.967527,40.809245,-73.989034,3.34,13.7544,1.0,credit_card
2023-02-28 14:37:00,2023-02-28 15:01:00,40.601664,-73.997828,40.599881,-73.979859,1.99,13.34,3.0,credit_card
2023-02-26 00:17:00,2023-02-26 01:03:00,40.600628,-74.043085,40.582847,-74.02398,3.94,13.7544,5.0,cash
2023-01-05 15:52:00,2023-01-05 16:45:00,40.896499,-73.812845,40.874014,-73.785098,3.94,15.89,1.0,credit_card
2023-01-06 22:21:00,2023-01-06 22:31:00,40.712556,-73.942462,40.731016,-73.926145,2.72,20.75265,5.0,cash
2023-02-24 11:56:00,2023-02-24 12:31:00,40.629111,-73.815696,40.613229,-73.802962,2.25,18.310319999999997,3.0,credit_card
2023-02-21 23:12:00,2023-02-21 23:54:00,40.738573,-73.946997,40.745701,-73.962648,1.9,12.78,2.0,credit_card
2023-01-07 02:19:00,2023-01-07 02:54:00,40.888901,-73.73424,40.905477,-73.718665,2.51,9.709,2.0,cash
2023-02-19 00:15:00,2023-02-19 00:36:00,40.702549,-73.741757,40.714609,-73.770404,1.7647777777777776,13.5346,2.0,credit_card
2023-02-25 09:11:00,2023-02-25 10:01:00,40.839677,-74.025082,40.836053,-74.02185,0.54,5.3466,1.0,credit_card
2023-02-12 11:22:00,2023-02-12 12:01:00,40.839654,-73.997359,40.865475,-74.008715,3.11,15.1,1.0,credit_card
2023-01-15 13:07:00,2023-01-15 13:47:00,40.662474,-73.805679,40.642184,-73.785742,3.14,16.16,4.0,credit_card
2023-02-08 09:40:00,2023-02-08 09:43:00,40.73301,-74.049958,40.746211,-74.034279,2.26,10.738,4.0,credit_card
2023-01-15 04:25:00,2023-01-15 05:00:00,40.81468,-73.762365,40.799871,-73.763095,1.64,8.8,5.0,credit_card
2023-01-14 14:13:00,2023-01-14 14:49:00,40.723156,-73.925316,40.734434,-73.926975,1.26,5.841,2.0,credit_card
2023-02-06 15:51:00,2023-02-06 16:40:00,40.657302,-73.789383,40.638739,-73.814994,4.117814814814814,19.58031,5.0,credit_card
2023-01-13 15:37:00,2023-01-13 16:13:00,40.890248,-74.034517,40.863115,-74.050437,3.47,12.52,2.0,credit_card
2023-01-20 01:27:00,2023-01-20 01:50:00,40.795225,-73.976757,40.812313,-73.964323,2.33,20.305979999999998,2.0,unknown
2023-02-24 12:44:00,2023-02-24 13:33:00,40.859638,-74.025218,40.878685,-74.05128,3.56,18.66,2.0,cash
2023-02-05 22:10:00,2023-02-05 22:56:00,40.607573,-73.987062,40.587318,-73.969826,2.93,11.59,3.0,credit_card
2023-02-07 19:48:00,2023-02-07 20:16:00,40.680072,-73.915453,40.698498,-73.886679,3.77,13.7544,1.0,credit_card
2023-02-04 16:32:00,2023-02-04 16:46:00,40.750621,-73.877957,40.740304,-73.903212,3.01,13.7921,1.0,credit_card
2023-02-10 17:36:00,2023-02-10 18:06:00,40.620235,-73.729368,40.624503,-73.731894,0.55,6.67,4.0,cash
2023-01-14 11:31:00,2023-01-14 12:20:00,40.89791,-73.830489,40.904023,-73.825748,0.85,13.7544,3.0,credit_card
2023-01-27 12:15:00,2023-01-27 13:03:00,40.670939,-73.802732,40.695757,-73.783958,3.43,13.8852,5.0,dispute
2023-01-26 22:21:00,2023-01-26 22:43:00,40.600628,-74.043085,40.59391091019476,-74.02398,2.36,15.029000000000002,3.0,cash
2023-02-22 10:14:00,2023-02-22 10:26:00,40.664204,-73.949625,40.686341,-73.958017,2.61,23.58567,5.0,dispute
2023-01-21 10:24:00,2023-01-21 10:50:00,40.631634,-73.702894,40.626925,-74.02398,2.28,14.042,3.0,credit_card
2023-02-16 05:59:00,2023-02-16 06:19:00,40.669744,-73.853852,40.678934,-73.852761,1.02,10.9622,5.0,credit_card
2023-01-13 11:53:00,2023-01-13 12:44:00,40.690183,-73.774264,40.671671,-73.794455,3.02,14.58405,2.0,cash
2023-02-09 13:26:00,2023-02-09 14:04:00,40.790333,-74.038631,40.803066,-74.016466,2.82,16.50996,3.0,no_charge
2023-02-12 19:45:00,2023-02-12 19:51:00,40.68437,-74.020573,40.710036,-73.994406,4.04,17.7472,2.0,cash
2023-01-28 03:02:00,2023-01-28 03:08:00,40.708683,-74.011768,40.704314,-73.997389,1.66,10.35,2.0,credit_card
2023-01-07 01:00:00,2023-01-07 01:13:00,40.601783,-74.04465,40.61062,-74.01623,1.0924814814814814,14.36,2.0,credit_card
2023-01-15 09:49:00,2023-01-15 10:12:00,40.709716,-73.727307,40.712374,-73.701716,2.84,14.5635,1.0,credit_card
2023-01-29 16:26:00,2023-01-29 17:08:00,40.760166,-73.961228,40.731036,-73.983943,4.07,17.133599999999998,2.0,credit_card
2023-02-19 17:57:00,2023-02-19 18:30:00,40.648605,-73.701201,40.673072,-73.706646,2.76,13.298599999999999,4.0,credit_card
2023-01-22 02:31:00,2023-01-22 02:57:00,40.77923,-73.791655,40.797787,-73.785841,2.14,11.504999999999999,4.0,cash
2023-02-07 16:46:00,2023-02-07 17:14:00,40.687946,-73.962286,40.682875,-73.948343,1.64,10.161200000000001,1.0,credit_card
2023-02-19 21:21:00,2023-02-19 21:51:00,40.789615,-73.702868,40.765073,-73.700765,2.521111111111111,14.73,3.0,cash
2023-01-02 20:29:00,2023-01-02 21:27:00,40.607859,-73.746013,40.598955,-73.737061,1.39,7.92,4.0,credit_card
2023-01-19 16:07:00,2023-01-19 16:31:00,40.866278,-73.992251,40.867817,-74.015242,2.54,12.9328,1.0,credit_card
2023-01-05 18:26:00,2023-01-05 19:22:00,40.604836,-73.985137,40.589486,-73.99076,1.8,12.8738,4.0,credit_card
2023-02-15 00:35:00,2023-02-15 01:29:00,40.638087,-73.811935,40.658038,-73.841523,3.94,23.86485,2.0,credit_card
2023-02-12 21:27:00,2023-02-12 21:42:00,40.833149,-74.022602,40.820877,-74.013491,1.2605555555555554,9.015199999999998,1.0,credit_card
2023-02-27 22:36:00,2023-02-27 22:55:00,40.613769,-73.845416,40.596065,-73.865548,2.96,12.8384,3.0,credit_card
2023-01-28 13:13:00,2023-01-28 13:21:00,40.8133,-74.026689,40.793671,-74.032451,2.26,10.706500000000002,1.0,credit_card
2023-01-08 05:16:00,2023-01-08 05:21:00,40.891314,-73.972546,40.90489,-73.972627,1.5,11.82,1.0,credit_card
2023-01-19 20:01:00,2023-01-19 20:55:00,40.861505,-73.718046,40.864302,-73.708063,1.14,12.881429999999998,4.0,credit_card
2023-01-27 07:33:00,2023-01-27 07:59:00,40.813048,-73.8755,40.824807,-73.859706,2.17,18.53361,4.0,credit_card
2023-01-26 19:43:00,2023-01-26 19:55:00,40.728944,-73.955611,40.722944,-73.951542,0.8,4.6683,2.0,cash
2023-03-01 23:17:00,2023-03-01 23:53:00,40.861864,-73.895978,40.8856,-73.894252,2.62,11.2336,5.0,no_charge
2023-01-31 12:44:00,2023-01-31 13:08:00,40.706787,-74.003449,40.696611,-73.982035,2.61,11.2119,5.0,credit_card
2023-01-03 16:54:00,2023-01-03 16:59:00,40.878929,-73.869184,40.903106,-73.847177,3.61,13.3458,5.0,cash
2023-02-02 12:30:00,2023-02-02 13:05:00,40.644633,-74.031115,40.67261,-74.057403,4.23,24.213689999999996,2.0,credit_card
2023-02-12 11:04:00,2023-02-12 11:40:00,40.882009,-74.033113,40.853181,-74.046904,3.52,23.641469999999998,2.0,credit_card
2023-02-28 02:39:00,2023-02-28 03:33:00,40.849815,-73.812123,40.849469,-73.786824,2.79,13.472900000000001,2.0,cash
2023-02-01 13:08:00,2023-02-01 13:28:00,40.853816,-74.030756,40.86114,-74.025197,1.01,9.3338,5.0,cash
2023-02-03 09:03:00,2023-02-03 09:57:00,40.637177,-73.867551,40.607927,-73.889471,4.03,18.219199999999997,2.0,cash
2023-02-19 20:45:00,2023-02-19 20:53:00,40.778946,-73.956891,40.769956,-73.982623,3.01,14.24,2.0,credit_card
2023-02-10 14:18:00,2023-02-10 14:31:00,40.604918,-73.984307,40.5766,-74.008641,4.12,18.6086,3.0,cash
2023-02-05 17:05:00,2023-02-05 17:22:00,40.816355,-73.849338,40.823345,-73.833148,1.94,11.2252,1.0,cash
2023-02-26 15:03:00,2023-02-26 15:24:00,40.602321,-73.946238,40.600111,-73.962919,1.86,7.13,5.0,credit_card
2023-01-14 18:45:00,2023-01-14 19:34:00,40.625447,-73.890266,40.611222,-73.905689,2.31,8.857800000000001,5.0,credit_card
2023-01-17 21:38:00,2023-01-17 22:18:00,40.66765,-74.001359,40.684305,-74.023523,3.06,20.333969999999997,2.0,credit_card
2023-01-04 21:03:00,2023-01-04 22:02:00,40.862537,-74.00573,40.865112,-73.999751,0.72,4.56,4.0,credit_card
2023-01-26 12:22:00,2023-01-26 12:39:00,40.709073,-74.012715,40.699019,-74.011882,1.11,5.4162,4.0,credit_card
2023-01-06 21:08:00,2023-01-06 21:21:00,40.761988,-74.024954,40.788106,-74.038061,3.22,21.603959999999997,4.0,no_charge
2023-02-08 23:20:00,2023-02-08 23:39:00,40.770431,-73.8562,40.798981,-73.846713,3.32,15.045,1.0,credit_card
2023-02-26 17:09:00,2023-02-26 17:16:00,40.667639,-73.785398,40.648583,-73.768731,2.79,11.14,3.0,credit_card
2023-01-08 17:03:00,2023-01-08 17:38:00,40.771644,-73.772672,40.800348,-73.743896,4.48,13.7544,5.0,dispute
2023-02-07 08:22:00,2023-02-07 08:36:00,40.798286,-73.714754,40.803542,-73.716032,0.6,12.281309999999998,2.0,credit_card
2023-01-13 23:38:00,2023-01-14 00:06:00,40.689474,-73.991063,40.711995,-73.996284,2.353037037037037,15.63,4.0,cash
2023-02-05 10:01:00,2023-02-05 10:38:00,40.725588,-74.002533,40.713078,-74.015003,1.95,11.3044,4.0,credit_card
2023-02-14 07:13:00,2023-02-14 07:54:00,40.600628,-74.043085,40.582847,-74.02398,3.54,17.68,5.0,cash
2023-01-18 14:41:00,2023-01-18 15:20:00,40.879705,-73.748647,40.85046,-73.720315,4.49,13.7544,2.0,credit_card
2023-01-03 05:47:00,2023-01-03 06:32:00,40.884476,-73.854638,40.854749,-73.846099,3.41,13.7544,5.0,cash
2023-01-05 01:11:00,2023-01-05 01:32:00,40.76681,-73.995126,40.763539,-73.983778,1.3,11.837000000000002,2.0,cash
2023-01-05 15:00:00,2023-01-05 15:42:00,40.750168,-73.913058,40.764807,-73.917661,1.69,13.7544,1.0,dispute
2023-01-06 11:35:00,2023-01-06 12:33:00,40.60106,-73.798229,40.61116,-73.815008,2.16,12.5434,4.0,credit_card
2023-02-05 09:15:00,2023-02-05 09:56:00,40.744267,-73.919306,40.758184,-73.933938,2.23,13.7544,2.0,cash
2023-01-23 13:45:00,2023-01-23 14:29:00,40.878236,-74.036308,40.883911,-74.029276,1.0,13.7544,5.0,credit_card
2023-01-16 22:49:00,2023-01-16 23:20:00,40.65951,-73.845641,40.686749,-73.837382,3.14,14.1113,4.0,cash
2023-01-20 14:01:00,2023-01-20 14:32:00,40.615627,-73.797953,40.600034,-73.800238,1.74,13.366500000000002,5.0,credit_card
2023-01-31 13:39:00,2023-01-31 14:22:00,40.711719,-73.992297,40.740623,-73.969663,4.05,13.7544,4.0,cash
2023-01-09 13:27:00,2023-01-09 13:36:00,40.857146,-73.932403,40.827359,-73.947744,3.7,13.7544,3.0,credit_card
2023-01-14 08:41:00,2023-01-14 09:08:00,40.607983,-73.90679,40.603852,-73.901928,0.7,9.09,4.0,cash
2023-01-02 13:36:00,2023-01-02 13:49:00,40.876045,-73.902832,40.886609,-73.888511,1.96,13.7544,1.0,credit_card
2023-01-03 05:05:00,2023-01-03 05:32:00,40.804271,-74.010045,40.811143,-74.028984,2.22,12.406949999999998,3.0,credit_card
2023-01-23 18:26:00,2023-01-23 18:58:00,40.782259,-73.872679,40.791881,-73.902598,3.47,17.169,4.0,credit_card
2023-01-11 13:14:00,2023-01-11 13:49:00,40.843586,-73.801304,40.850633,-73.828457,3.09,16.3989,3.0,credit_card
2023-02-09 03:38:00,2023-02-09 03:50:00,40.700663,-73.850693,40.726243,-73.865664,3.27,12.272,4.0,credit_card
2023-01-14 14:22:00,2023-01-14 14:51:00,40.716962,-73.725341,40.737013,-73.70214,3.38,12.901,2.0,credit_card
2023-02-07 15:30:00,2023-02-07 16:30:00,40.826439,-73.840671,40.820882,-73.845202,0.79,7.386799999999999,1.0,cash
2023-01-24 08:45:00,2023-01-24 09:41:00,40.710787,-73.708823,40.722637,-73.737321,3.4,17.51,1.0,credit_card
2023-01-24 08:45:00,2023-01-24 09:41:00,40.600628,-74.043085,40.582847,-74.02398,3.4,13.7544,3.0,credit_card
2023-02-25 02:14:00,2023-02-25 03:13:00,40.672666,-73.746418,40.700026,-73.758855,4.958185185185185,11.305,2.0,credit_card
2023-01-18 11:08:00,2023-01-18 11:30:00,40.881301,-73.814231,40.865694,-73.786811,3.48,13.7544,4.0,credit_card
2023-01-18 09:10:00,2023-01-18 09:48:00,40.872403,-73.73524,40.871682,-73.758567,2.57,9.7586,4.0,credit_card
2023-02-09 04:06:00,2023-02-09 04:48:00,40.704639,-73.703066,40.720093,-74.02398,2.4,16.70535,2.0,credit_card
2023-02-26 04:38:00,2023-02-26 05:19:00,40.790391,-73.972693,40.796257,-73.957853,1.76,10.73223,4.0,credit_card
2023-02-12 03:56:00,2023-02-12 03:59:00,40.682153,-73.80813,40.699178,-73.802735,1.97,11.916800000000002,2.0,credit_card
2023-02-21 11:23:00,2023-02-21 12:20:00,40.600628,-74.043085,40.582847,-74.02398,3.25,14.207199999999998,1.0,credit_card
2023-01-25 07:39:00,2023-01-25 08:10:00,40.600628,-74.043085,40.582847,-74.02398,2.62,11.438,1.0,credit_card
2023-01-16 15:41:00,2023-01-16 16:13:00,40.69813,-73.770179,40.696403,-73.742189,3.09,11.039000000000001,5.0,credit_card
2023-01-21 21:18:00,2023-01-21 21:20:00,40.864683,-74.018709,40.874572,-73.999141,0.16807407407407404,10.95,3.0,credit_card
2023-01-07 17:44:00,2023-01-07 18:38:00,40.846691,-73.729206,40.852544,-73.711563,2.05,8.68,5.0,credit_card
2023-02-17 03:35:00,2023-02-17 03:59:00,40.726763,-74.036206,40.726242,-74.046865,1.18,5.9235999999999995,5.0,credit_card
2023-02-14 02:39:00,2023-02-14 02:48:00,40.67351,-73.760262,40.655658,-73.784043,3.28,13.7544,1.0,no_charge
2023-02-27 07:42:00,2023-02-27 08:41:00,40.63522,-74.001178,40.64786,-73.989522,4.958185185185185,12.1163,2.0,cash
2023-01-23 12:17:00,2023-01-23 12:33:00,40.690316,-73.721161,40.693821,-73.719764,0.42,13.7544,1.0,unknown
2023-01-06 01:06:00,2023-01-06 01:35:00,40.627656,-73.756708,40.63339,-73.729723,3.04,11.9966,1.0,credit_card
2023-01-27 10:54:00,2023-01-27 11:41:00,40.78088,-73.901764,40.769252,-73.877018,3.94974074074074,15.78,1.0,credit_card
2023-01-27 10:54:00,2023-01-27 11:41:00,40.78088,-73.901764,40.769252,-73.877018,3.02,13.7544,1.0,credit_card
2023-01-09 15:09:00,2023-01-09 15:29:00,40.709256,-73.744543,40.684258,-73.751866,2.87,16.454159999999998,2.0,cash
2023-01-29 14:10:00,2023-01-29 14:22:00,40.769371,-73.780999,40.764156,-73.75427,3.0,11.0523,3.0,credit_card
2023-02-28 03:31:00,2023-02-28 03:59:00,40.657401,-73.751491,40.645265,-73.75557,1.41,7.514500000000001,4.0,credit_card
2023-01-15 18:40:00,2023-01-15 19:17:00,40.803072,-73.885415,40.807254,-73.903047,2.0,13.7544,2.0,credit_card
2023-02-02 15:42:00,2023-02-02 16:18:00,40.664652,-73.800181,40.64804,-73.792942,2.0,12.1296,1.0,credit_card
2023-02-14 23:01:00,2023-02-14 23:06:00,40.683407,-73.938466,40.666829,-73.962811,3.25,15.28,4.0,credit_card
2023-02-27 18:58:00,2023-02-27 19:38:00,40.822528,-74.033489,40.812037,-74.054329,3.361481481481481,12.825629999999999,3.0,unknown
2023-02-06 10:30:00,2023-02-06 10:47:00,40.767921,-73.96866,40.748321,-73.949804,3.0,12.6024,1.0,credit_card
2023-01-01 16:40:00,2023-01-01 16:45:00,40.700451,-74.049523,40.694572,-74.030377,2.21,14.1364,1.0,credit_card
2023-01-28 12:05:00,2023-01-28 13:02:00,40.762897,-73.92294,40.782338,-73.938503,2.75,11.04,4.0,credit_card
2023-02-02 11:01:00,2023-02-02 11:53:00,40.600628,-74.043085,40.582847,-74.02398,2.85,12.914300000000003,5.0,credit_card
2023-01-07 01:28:00,2023-01-07 01:49:00,40.87364,-74.043208,40.850134,-74.014793,4.07,13.7544,1.0,credit_card
2023-02-26 15:01:00,2023-02-26 15:33:00,40.774214,-74.047295,40.764058,-74.019824,3.23,13.7544,5.0,credit_card
2023-01-02 19:24:00,2023-01-02 19:36:00,40.669806,-73.809738,40.676599,-73.813066,1.0084444444444445,6.1242,2.0,cash
2023-02-16 03:01:00,2023-02-16 03:18:00,40.824009,-74.014847,40.807626,-73.993013,3.01,15.5052,3.0,credit_card
2023-02-04 06:20:00,2023-02-04 07:09:00,40.833331,-74.024154,40.858499,-74.020728,2.8,10.3873,4.0,cash
2023-01-17 11:22:00,2023-01-17 11:37:00,40.66012,-73.876541,40.672518,-73.872653,1.43,8.69,5.0,cash
2023-01-04 09:49:00,2023-01-04 10:07:00,40.846172,-73.798644,40.82939,-73.814288,2.53,14.793389999999999,4.0,no_charge
2023-01-28 20:00:00,2023-01-28 20:10:00,40.73948,-73.707992,40.715881,-73.714939,2.71,17.38917,4.0,credit_card
2023-01-08 00:17:00,2023-01-08 00:34:00,40.83393,-73.946611,40.808357,-73.963719,3.39,14.207199999999998,5.0,cash
2023-02-22 06:03:00,2023-02-22 06:29:00,40.671243,-74.008869,40.652522,-73.994322,2.61,13.569999999999999,1.0,cash
2023-02-21 13:57:00,2023-02-21 14:04:00,40.699774,-74.026012,40.693507,-74.017577,1.16,8.11,5.0,unknown
2023-01-24 15:27:00,2023-01-24 15:48:00,40.886109,-73.977371,40.901156,-73.959103,2.61,10.8129,3.0,credit_card
2023-02-27 07:39:00,2023-02-27 08:12:00,40.797345,-74.014981,40.775804,-74.007788,2.5,14.7231,3.0,no_charge
2023-01-10 00:48:00,2023-01-10 01:14:00,40.831863,-74.048815,40.804051,-74.062184,3.4,15.47,5.0,cash
2023-01-07 01:27:00,2023-01-07 01:47:00,40.806512,-73.950224,40.830014,-73.923073,3.96,17.65,1.0,credit_card
2023-02-25 04:10:00,2023-02-25 04:14:00,40.661291,-73.992528,40.651414,-73.983485,1.48,8.39,3.0,credit_card
2023-02-15 10:58:00,2023-02-15 11:33:00,40.741207,-74.043613,40.731028,-74.045032,1.13,9.46,2.0,cash
2023-01-27 08:00:00,2023-01-27 08:35:00,40.842689,-73.925879,40.844196,-73.909224,1.84,10.5336,5.0,credit_card
2023-01-12 07:59:00,2023-01-12 08:33:00,40.802511,-73.760929,40.7977,-73.775652,1.71,13.7544,2.0,credit_card
2023-01-18 13:03:00,2023-01-18 13:11:00,40.601808,-73.943718,40.589522,-73.925069,2.46,12.84,3.0,credit_card
2023-02-21 19:32:00,2023-02-21 20:19:00,40.704038,-73.794943,40.721569,-73.820463,3.41,10.66,4.0,credit_card
2023-02-16 07:14:00,2023-02-16 07:22:00,40.88331,-74.041055,40.902886,-74.024083,2.86,14.9978,2.0,credit_card
2023-02-23 07:56:00,2023-02-23 08:42:00,40.747357,-73.713375,40.763559,-73.731918,2.72,15.979679999999998,3.0,no_charge
2023-01-17 10:39:00,2023-01-17 10:58:00,40.681053,-74.001347,40.692479,-73.992689,1.58,15.29577,2.0,cash
2023-02-21 10:39:00,2023-02-21 11:32:00,40.708127,-73.798887,40.689708,-73.8127,2.54,13.7544,5.0,credit_card
2023-02-11 19:16:00,2023-02-11 19:51:00,40.663196,-73.917195,40.677095,-73.906068,1.96,9.6,1.0,credit_card
2023-01-30 01:52:00,2023-01-30 02:34:00,40.72636,-73.746122,40.712843,-73.768556,2.89,13.84,4.0,cash
2023-01-16 15:14:00,2023-01-16 15:58:00,40.853726,-73.982337,40.829598,-74.000816,3.35,16.6144,5.0,cash
2023-01-16 00:06:00,2023-01-16 00:17:00,40.736881,-73.763191,40.732262,-73.762989,0.51,7.9933000000000005,4.0,credit_card
2023-01-10 20:02:00,2023-01-10 20:57:00,40.683941,-73.873074,40.677522,-73.850712,2.57,11.837000000000002,1.0,credit_card
2023-02-06 09:34:00,2023-02-06 10:34:00,40.879867,-73.712099,40.85207,-73.713574,3.07,17.3224,1.0,credit_card
2023-01-15 13:59:00,2023-01-15 14:51:00,40.694305,-73.819669,40.717347,-73.803345,3.11,13.6724,5.0,cash
2023-01-07 16:29:00,2023-01-07 17:13:00,40.872914,-73.842367,40.883503,-73.86358,2.61,16.9684,1.0,credit_card
2023-02-28 23:14:00,2023-03-01 00:08:00,40.812135,-73.798455,40.822078,-73.819336,2.55,8.814599999999999,1.0,credit_card
2023-01-02 15:50:00,2023-01-02 16:11:00,40.745167,-73.94913,40.735747,-73.933016,2.06,9.24,2.0,credit_card
2023-02-26 02:42:00,2023-02-26 03:42:00,40.733266,-73.753984,40.733674,-73.741141,5.042222222222222,11.3316,3.0,credit_card
2023-02-01 08:42:00,2023-02-01 08:49:00,40.612205,-74.047272,40.591902,-74.04907,2.25,11.16,3.0,credit_card
2023-03-01 21:55:00,2023-03-01 22:05:00,40.699826,-73.715878,40.68927,-73.735774,2.48,13.75,3.0,cash
2023-02-12 02:19:00,2023-02-12 02:21:00,40.884136,-73.924539,40.892757,-73.916408,1.31,13.7544,2.0,credit_card
2023-01-31 16:37:00,2023-01-31 17:11:00,40.785298,-73.87909,40.791274,-73.854328,2.81,12.73,4.0,credit_card
2023-01-14 03:36:00,2023-01-14 04:10:00,40.710662,-73.72657,40.727178,-73.722944,1.86,13.08,5.0,cash
2023-01-15 08:14:00,2023-01-15 09:09:00,40.783593,-73.778415,40.785523,-73.789505,1.24,13.7544,1.0,credit_card
2023-01-24 10:18:00,2023-01-24 10:30:00,40.661839,-73.964872,40.67238,-73.970305,1.31,13.7544,4.0,credit_card
2023-01-15 04:22:00,2023-01-15 05:19:00,40.64952,-74.016102,40.622153,-74.033005,3.55,15.83,1.0,cash
2023-02-01 03:02:00,2023-02-01 03:36:00,40.708545,-73.755571,40.734543,-73.759065,2.89,14.348799999999999,4.0,credit_card
2023-01-29 02:41:00,2023-01-29 02:46:00,40.859006,-73.788529,40.879777,-73.788821,2.29,13.7544,5.0,credit_card
2023-01-22 23:17:00,2023-01-23 00:14:00,40.752821,-73.749581,40.779017,-73.723136,4.11,15.6674,2.0,unknown
2023-01-21 11:47:00,2023-01-21 12:19:00,40.600628,-74.043085,40.582847,-74.02398,2.21,16.84494,1.0,cash
2023-01-09 03:58:00,2023-01-09 04:44:00,40.885075,-73.87776,40.863834,-73.856025,3.35,11.597600000000002,2.0,credit_card
2023-02-02 02:20:00,2023-02-02 02:46:00,40.84479,-73.887243,40.847204,-73.907234,2.22,21.49227,3.0,credit_card
2023-01-18 08:24:00,2023-01-18 09:19:00,40.696892,-73.939847,40.717215,-73.937137,2.26,9.5934,4.0,credit_card
2023-02-11 09:26:00,2023-02-11 09:36:00,40.891629,-73.932515,40.905932,-73.927068,1.69,13.7544,2.0,cash
2023-02-26 10:13:00,2023-02-26 10:45:00,40.896205,-73.798473,40.881723,-73.79285,1.71,9.443,2.0,cash
2023-02-19 11:20:00,2023-02-19 11:36:00,40.796777,-73.747651,40.780899,-73.731622,2.49,13.7544,5.0,credit_card
2023-02-18 04:58:00,2023-02-18 05:39:00,40.721696,-73.754284,40.72555,-73.773912,2.21,11.318309999999999,3.0,credit_card
2023-02-21 08:57:00,2023-02-21 09:04:00,40.624796,-73.933528,40.599783,-73.954965,3.63,19.63611,5.0,cash
2023-01-25 19:47:00,2023-01-25 20:27:00,40.679083,-73.801484,40.687052,-73.79769,0.97,6.916,1.0,unknown
2023-01-25 12:21:00,2023-01-25 12:52:00,40.681444,-73.709581,40.657266,-73.724598,3.14,15.17,3.0,cash
2023-01-02 08:18:00,2023-01-02 09:05:00,40.719592,-73.729316,40.691266,-73.715004,3.94974074074074,14.809,5.0,credit_card
2023-02-28 14:25:00,2023-02-28 14:36:00,40.655466,-73.709979,40.676774,-73.736208,3.73,14.33,3.0,credit_card
2023-02-18 21:20:00,2023-02-18 21:35:00,40.886146,-74.037327,40.871052,-74.012788,3.18,17.793899999999997,3.0,cash
2023-02-25 02:45:00,2023-02-25 03:27:00,40.630864,-73.83594,40.62877,-73.808838,3.0,15.7738,5.0,credit_card
2023-03-01 16:42:00,2023-03-01 17:24:00,40.787563,-73.97463,40.81384,-73.957491,3.46,16.72,2.0,cash
2023-01-31 05:53:00,2023-01-31 06:14:00,40.732509,-73.963704,40.740034,-73.941027,2.64,15.139399999999998,2.0,credit_card
2023-01-23 11:58:00,2023-01-23 12:24:00,40.711598,-73.787433,40.732708,-73.807857,3.24,13.2396,5.0,credit_card
2023-01-27 22:41:00,2023-01-27 22:49:00,40.860494,-73.934919,40.843369,-73.952922,2.74,14.6,1.0,unknown
2023-01-23 08:27:00,2023-01-23 08:30:00,40.606173,-73.984085,40.610117,-73.974401,1.15,11.05317,2.0,credit_card
2023-02-13 13:02:00,2023-02-13 13:19:00,40.875429,-74.04866,40.880579,-74.044533,0.73,11.90448,3.0,credit_card
2023-02-23 09:36:00,2023-02-23 09:57:00,40.859344,-73.735015,40.830395,-73.758718,4.13,12.6024,4.0,credit_card
2023-01-17 14:56:00,2023-01-17 15:48:00,40.683071,-73.801625,40.675689,-73.787991,1.71,9.177000000000001,3.0,no_charge
2023-02-14 05:33:00,2023-02-14 05:49:00,40.757046,-73.864914,40.75794,-73.847574,1.91,15.491159999999999,1.0,cash
2023-01-21 03:44:00,2023-01-21 04:23:00,40.632726,-74.031065,40.630197,-74.059294,3.13,13.8768,4.0,credit_card
2023-01-16 09:42:00,2023-01-16 10:02:00,40.628028,-73.902706,40.647345,-73.905172,2.15,9.9883,2.0,credit_card
2023-01-26 03:42:00,2023-01-26 04:32:00,40.85124,-73.916985,40.864616,-73.920718,1.53,13.7544,4.0,cash
2023-02-27 08:54:00,2023-02-27 09:25:00,40.72308,-73.989959,40.74901,-74.015925,4.05,19.9892,1.0,credit_card
2023-02-10 11:55:00,2023-02-10 12:29:00,40.798515,-73.995334,40.781942,-74.014728,2.81,14.96,4.0,credit_card
2023-02-28 20:35:00,2023-02-28 20:40:00,40.88296,-73.989388,40.862333,-73.970488,3.09,23.515919999999998,1.0,cash
2023-02-25 04:40:00,2023-02-25 04:43:00,40.673539,-73.841108,40.655732,-73.836029,2.04,13.35591,4.0,cash
2023-02-28 14:31:00,2023-02-28 14:49:00,40.603948,-74.006354,40.613331,-74.023219,2.13,12.08,2.0,credit_card
2023-01-30 19:37:00,2023-01-30 20:06:00,40.607245,-73.966508,40.592346,-73.969004,1.67,17.431109999999997,3.0,credit_card
2023-02-02 09:57:00,2023-02-02 10:39:00,40.812816,-73.718805,40.82269,-74.02398,2.59,11.278400000000001,2.0,credit_card
2023-01-28 04:38:00,2023-01-28 04:58:00,40.877366,-73.973188,40.888367,-73.997051,2.9,11.39,1.0,credit_card
2023-02-05 16:45:00,2023-02-05 17:36:00,40.740199,-73.78265,40.715079,-73.755321,4.09,20.333969999999997,2.0,cash
2023-01-01 04:56:00,2023-01-01 05:36:00,40.712533,-73.840686,40.726933,-73.8622,2.86,14.29,3.0,credit_card
2023-02-06 12:37:00,2023-02-06 12:47:00,40.762858,-73.905395,40.751696,-73.91795,1.85,12.92328,3.0,credit_card
2023-01-17 16:39:00,2023-01-17 16:42:00,40.857675,-73.84165,40.840942,-73.860761,2.8,11.139199999999999,5.0,cash
2023-02-13 04:03:00,2023-02-13 04:11:00,40.795646,-74.003233,40.781175,-74.00506,1.61,12.91,4.0,cash
2023-02-07 02:30:00,2023-02-07 03:21:00,40.832374,-73.709753,40.83868,-74.02398,3.31,17.14,5.0,credit_card
2023-01-07 03:46:00,2023-01-07 03:51:00,40.640384,-73.900298,40.649367,-73.929374,3.36,16.78914,1.0,credit_card
2023-02-26 00:26:00,2023-02-26 00:58:00,40.649668,-73.964992,40.632695,-73.975699,2.21,15.28,3.0,credit_card
2023-01-25 00:48:00,2023-01-25 01:21:00,40.783805,-73.725373,40.775402,-73.719691,1.12,8.4455,4.0,credit_card
2023-02-05 18:13:00,2023-02-05 18:32:00,40.671635,-73.836229,40.690264,-73.845828,2.31,14.011829999999998,3.0,credit_card
2023-01-10 11:44:00,2023-01-10 12:07:00,40.811434,-73.79525,40.801844,-73.797904,1.1,13.7544,1.0,cash
2023-01-30 17:48:00,2023-01-30 18:46:00,40.704856,-73.859808,40.723615,-73.864295,2.13,8.201,3.0,credit_card
2023-02-12 17:09:00,2023-02-12 18:02:00,40.683227,-74.046079,40.665226,-74.070905,3.38,13.0508,5.0,credit_card
2023-01-07 12:35:00,2023-01-07 13:24:00,40.899676,-73.785505,40.913618,-73.776562,1.83,13.579199999999998,5.0,credit_card
2023-01-22 12:10:00,2023-01-22 12:24:00,40.600628,-74.043085,40.582847,-74.02398,3.36,18.3141,2.0,cash
2023-02-28 06:05:00,2023-02-28 06:14:00,40.793747,-73.799334,40.81309,-73.797665,2.14,8.206100000000001,4.0,cash
2023-02-22 21:19:00,2023-02-22 21:41:00,40.61161,-73.766935,40.621973,-73.78796,2.59,9.7,2.0,cash
2023-01-21 14:21:00,2023-01-21 14:46:00,40.828063,-73.751945,40.855502,-73.753068,3.03,18.12888,1.0,cash
2023-01-25 06:52:00,2023-01-25 07:43:00,40.669027,-73.70028,40.640798,-73.729432,4.48,16.29,4.0,credit_card
2023-01-15 15:53:00,2023-01-15 16:02:00,40.62695,-73.948985,40.604861,-73.924536,3.63,14.8326,1.0,credit_card
2023-01-05 12:31:00,2023-01-05 12:35:00,40.794535,-73.892716,40.766171,-73.90828,3.57,13.7123,3.0,credit_card
2023-02-09 06:18:00,2023-02-09 07:16:00,40.81978,-73.860011,40.790785,-73.835869,4.16,17.7472,5.0,cash
2023-02-12 14:14:00,2023-02-12 14:55:00,40.803429,-73.996641,40.824192,-73.991594,2.36,12.5286,3.0,cash
2023-02-21 20:25:00,2023-02-21 20:35:00,40.61557,-73.881658,40.623456,-73.852658,3.31,13.8414,3.0,credit_card
2023-01-04 01:59:00,2023-01-04 02:17:00,40.688292,-73.953057,40.696918,-73.932097,2.5,13.7544,1.0,credit_card
2023-01-25 05:59:00,2023-01-25 06:28:00,40.686131,-73.928528,40.659329,-73.957621,4.36,13.7544,1.0,credit_card
2023-01-31 04:29:00,2023-01-31 05:22:00,40.843154,-74.02141,40.839025,-74.006804,1.67,9.5228,1.0,cash
2023-02-16 03:33:00,2023-02-16 03:36:00,40.639335,-74.04647,40.618777,-74.045462,0.2521111111111111,21.366719999999997,1.0,cash
2023-02-11 01:03:00,2023-02-11 01:36:00,40.783654,-73.74881,40.80973,-73.733488,3.34,16.1462,5.0,credit_card
2023-02-27 13:28:00,2023-02-27 14:05:00,40.896464,-73.749404,40.919177,-73.744022,2.57,12.235999999999999,2.0,cash
2023-02-22 08:27:00,2023-02-22 08:46:00,40.870767,-73.723069,40.858822,-73.739132,2.21,9.296700000000001,2.0,cash
2023-01-14 05:09:00,2023-01-14 06:06:00,40.666647,-74.024609,40.637687,-74.007413,3.71,13.7544,1.0,unknown
2023-01-30 17:30:00,2023-01-30 18:25:00,40.600025,-73.911834,40.57128,-73.939972,4.44,19.4818,4.0,credit_card
2023-01-27 20:47:00,2023-01-27 21:25:00,40.894179,-73.900132,40.89591,-73.881741,2.04,8.6022,5.0,credit_card
2023-02-10 20:50:00,2023-02-10 21:12:00,40.600628,-74.043085,40.582847,-74.02398,2.4,13.5,2.0,cash
2023-03-01 07:15:00,2023-03-01 07:17:00,40.875842,-73.958503,40.866381,-73.948106,1.55,8.000399999999999,1.0,cash
2023-02-16 18:28:00,2023-02-16 19:06:00,40.600628,-74.043085,40.582847,-74.02398,3.19,11.2385,1.0,credit_card
2023-01-23 14:56:00,2023-01-23 15:27:00,40.663849,-73.986982,40.672023,-73.987645,0.9,8.96,2.0,unknown
2023-02-22 17:12:00,2023-02-22 18:12:00,40.717691,-73.827619,40.688059,-73.831095,3.29,16.677449999999997,1.0,credit_card
2023-01-17 19:48:00,2023-01-17 20:33:00,40.855464,-73.790227,40.858533,-73.818639,3.15,11.717300000000002,3.0,credit_card
2023-02-19 10:06:00,2023-02-19 11:00:00,40.638284,-73.986841,40.618775,-73.996691,4.537999999999999,15.3349,1.0,cash
2023-02-04 01:09:00,2023-02-04 02:05:00,40.86816,-73.972319,40.886163,-73.944272,3.68,14.572999999999999,1.0,no_charge
2023-02-15 08:01:00,2023-02-15 08:17:00,40.691694,-73.716326,40.679928,-73.705424,1.77,10.75,1.0,cash
2023-02-16 08:01:00,2023-02-16 08:17:00,40.875055,-73.941973,40.858828,-73.934553,1.97,12.389999999999999,5.0,cash
2023-02-20 00:21:00,2023-02-20 00:39:00,40.755287,-73.857978,40.734884,-73.870596,2.65,13.7544,1.0,credit_card
2023-02-20 00:21:00,2023-02-20 00:39:00,40.600628,-74.043085,40.582847,-74.02398,2.65,13.96,1.0,credit_card
2023-01-29 22:55:00,2023-01-29 23:02:00,40.841208,-73.998616,40.835668,-73.994314,0.77,8.086400000000001,3.0,credit_card
2023-01-25 20:59:00,2023-01-25 21:30:00,40.857296,-73.897087,40.85955,-73.884841,1.37,10.52289,1.0,credit_card
2023-02-10 12:54:00,2023-02-10 13:02:00,40.876715,-73.958608,40.900771,-73.965608,2.76,14.364000000000003,5.0,credit_card
2023-02-28 00:26:00,2023-02-28 00:48:00,40.691014,-73.92792,40.685131,-73.941102,1.8488148148148145,6.3441,3.0,cash
2023-01-09 19:03:00,2023-01-09 20:03:00,40.701943,-73.768822,40.691248,-73.782322,1.9,13.7544,4.0,cash
2023-02-24 05:22:00,2023-02-24 05:57:00,40.778522,-73.76887,40.797613,-73.743784,3.48,19.09,4.0,credit_card
2023-01-04 20:07:00,2023-01-04 21:01:00,40.732397,-73.803423,40.744169,-73.794754,1.61,7.7805,3.0,credit_card
2023-01-28 06:37:00,2023-01-28 06:40:00,40.879853,-74.006726,40.85674,-73.99158,0.2521111111111111,12.73,4.0,credit_card
2023-02-20 09:07:00,2023-02-20 09:33:00,40.719269,-73.950591,40.731709,-73.946522,1.44,8.2482,1.0,cash
2023-02-14 04:04:00,2023-02-14 04:44:00,40.600628,-74.043085,40.582847,-74.02398,3.11,17.80785,1.0,credit_card
2023-01-11 00:16:00,2023-01-11 00:43:00,40.785156,-73.891616,40.784988,-73.905025,1.48,8.0122,5.0,credit_card
2023-01-22 17:45:00,2023-01-22 18:26:00,40.721422,-73.832354,40.720857,-73.808784,2.6,13.7544,4.0,cash
2023-01-24 03:17:00,2023-01-24 04:10:00,40.897744,-74.043592,40.911158,-74.04352,1.48,8.39,2.0,dispute
2023-01-17 21:33:00,2023-01-17 21:54:00,40.629655,-73.868693,40.611647,-73.850372,2.83,15.494500000000002,2.0,credit_card
2023-01-15 18:39:00,2023-01-15 19:29:00,40.666181,-73.8088,40.658201,-73.807719,0.89,5.0504,5.0,credit_card
2023-01-21 13:31:00,2023-01-21 14:02:00,40.696797,-74.029391,40.685812,-74.052412,2.81,10.631799999999998,3.0,credit_card
2023-02-02 01:36:00,2023-02-02 02:13:00,40.600628,-74.043085,40.582847,-74.02398,3.10937037037037,15.148700000000002,1.0,credit_card
2023-02-02 22:21:00,2023-02-02 22:40:00,40.685266,-73.921071,40.664963,-73.923224,2.25,13.33,3.0,credit_card
2023-02-10 19:50:00,2023-02-10 20:47:00,40.756868,-73.962921,40.754522,-73.938123,2.75,15.7738,1.0,cash
2023-01-17 22:17:00,2023-01-17 22:59:00,40.610186,-74.042439,40.596645,-74.064535,2.86,23.041439999999998,5.0,cash
2023-01-11 01:36:00,2023-01-11 02:32:00,40.894787,-73.766753,40.917027,-73.755559,2.75,13.7544,4.0,credit_card
2023-02-28 22:51:00,2023-02-28 23:13:00,40.784802,-73.752763,40.780991,-73.727675,2.8,14.32,2.0,credit_card
2023-01-29 19:24:00,2023-01-29 20:20:00,40.617682,-73.862157,40.628776,-73.867492,1.36,8.4606,1.0,credit_card
2023-01-28 01:34:00,2023-01-28 01:38:00,40.798351,-73.737433,40.817443,-73.714335,3.31,13.7544,3.0,credit_card
2023-01-06 22:15:00,2023-01-06 22:31:00,40.640702,-73.953866,40.654666,-73.977545,3.03,16.1896,1.0,no_charge
2023-01-01 15:50:00,2023-01-01 16:46:00,40.769099,-74.042843,40.763045,-74.05884,1.89,11.82,2.0,cash
2023-01-16 07:24:00,2023-01-16 07:59:00,40.818124,-73.845799,40.803395,-73.844527,1.63,15.29577,4.0,credit_card
2023-01-02 00:39:00,2023-01-02 01:31:00,40.801338,-73.739414,40.824745,-73.730629,2.76,13.0,5.0,credit_card
2023-01-26 22:47:00,2023-01-26 23:37:00,40.674254,-73.83776,40.678156,-73.821484,1.85,19.175579999999997,3.0,credit_card
2023-02-17 17:09:00,2023-02-17 17:34:00,40.75746,-74.0219,40.75724,-74.005907,1.76,9.88,2.0,credit_card
2023-01-26 02:18:00,2023-01-26 02:42:00,40.815041,-73.813421,40.839139,-73.79098,3.63,13.77,2.0,credit_card
2023-01-12 01:38:00,2023-01-12 01:45:00,40.70796,-73.99164,40.716231,-74.014899,2.72,14.63,3.0,cash
2023-01-08 07:40:00,2023-01-08 07:51:00,40.83932,-73.759855,40.866177,-73.735987,0.9244074074074072,17.83,3.0,cash
2023-01-25 09:40:00,2023-01-25 09:51:00,40.788377,-73.730663,40.761036,-73.703206,4.27,20.826999999999998,1.0,cash
2023-01-15 08:21:00,2023-01-15 09:03:00,40.611499,-73.912905,40.588497,-73.907859,2.6,17.584559999999996,1.0,credit_card
2023-01-09 16:07:00,2023-01-09 16:19:00,40.763944,-73.941933,40.786585,-73.930299,2.81,16.7193,2.0,credit_card
2023-01-11 23:13:00,2023-01-11 23:56:00,40.858574,-73.848864,40.855679,-73.856681,0.92,11.76489,3.0,no_charge
2023-01-06 00:32:00,2023-01-06 01:27:00,40.652748,-73.796263,40.636145,-73.776339,2.86,13.7544,1.0,credit_card
2023-01-30 16:25:00,2023-01-30 17:07:00,40.753113,-73.773478,40.752419,-73.793908,2.25,13.0207,1.0,credit_card
2023-01-23 23:18:00,2023-01-23 23:44:00,40.827084,-73.780996,40.823395,-73.780891,0.41,9.0506,2.0,cash
2023-02-07 04:03:00,2023-02-07 04:26:00,40.633032,-73.715052,40.646283,-73.720499,1.58,8.8977,1.0,cash
2023-02-11 14:11:00,2023-02-11 15:01:00,40.84513,-73.764333,40.853259,-73.74235,2.58,17.584559999999996,3.0,unknown
2023-01-14 06:37:00,2023-01-14 06:56:00,40.760223,-73.969045,40.777209,-73.945539,3.2,13.1005,2.0,credit_card
2023-02-23 15:55:00,2023-02-23 16:11:00,40.715723,-73.965268,40.711014,-73.980252,1.3445925925925923,9.1105,2.0,credit_card
2023-02-04 01:26:00,2023-02-04 01:55:00,40.674587,-73.975473,40.662676,-73.969131,1.49,9.3632,5.0,dispute
2023-02-07 17:19:00,2023-02-07 17:49:00,40.79423,-73.977108,40.783837,-73.984314,1.39,9.448199999999998,3.0,cash
2023-01-23 07:27:00,2023-01-23 08:15:00,40.611218,-73.722924,40.640614,-74.02398,4.33,17.56,5.0,credit_card
2023-01-16 02:23:00,2023-01-16 03:23:00,40.600628,-74.043085,40.582847,-74.02398,5.042222222222222,12.3074,5.0,credit_card
2023-02-01 06:13:00,2023-02-01 06:45:00,40.758082,-74.018551,40.77341,-74.018399,1.69,10.81,5.0,credit_card
2023-02-17 04:20:00,2023-02-17 04:47:00,40.862731,-74.027574,40.837696,-74.043877,3.29,12.768,1.0,credit_card
2023-02-05 11:13:00,2023-02-05 11:55:00,40.756215,-73.750039,40.751989,-73.731966,3.529555555555555,13.7544,4.0,credit_card
2023-01-31 13:50:00,2023-01-31 14:38:00,40.61051,-73.85269,40.600242,-73.866427,1.89,10.24,5.0,credit_card
2023-01-22 02:05:00,2023-01-22 02:15:00,40.64308,-73.975952,40.622693,-73.948743,3.75,13.7544,1.0,credit_card
2023-01-22 02:05:00,2023-01-22 02:15:00,40.64308,-73.975952,40.622693,-73.948743,3.75,15.81,3.0,credit_card
2023-01-22 07:43:00,2023-01-22 08:17:00,40.600628,-74.043085,40.582847,-74.02398,1.65,17.06823,5.0,credit_card
2023-02-21 01:26:00,2023-02-21 02:10:00,40.732564,-73.706224,40.750163,-73.735448,3.76,13.845300000000002,3.0,unknown
2023-01-01 23:59:00,2023-01-02 00:31:00,40.69553,-74.001017,40.68338,-73.973092,3.36,18.868199999999998,3.0,cash
2023-02-12 10:35:00,2023-02-12 11:01:00,40.685365,-73.767706,40.707746,-73.756548,2.76,14.809,4.0,credit_card
2023-01-15 10:47:00,2023-01-15 10:54:00,40.889766,-73.714637,40.894497,-73.715118,0.52,6.66,1.0,credit_card
2023-01-16 10:13:00,2023-01-16 10:58:00,40.729891,-73.801146,40.748175,-73.794901,2.13,8.91,4.0,credit_card
2023-01-11 04:50:00,2023-01-11 05:30:00,40.865201,-74.019007,40.895163,-74.042348,4.19,18.3608,3.0,credit_card
2023-01-09 13:47:00,2023-01-09 14:44:00,40.794449,-73.843505,40.802883,-73.864053,2.45,13.0606,4.0,credit_card
2023-02-16 07:30:00,2023-02-16 08:14:00,40.857528,-74.004774,40.847981,-73.996439,3.697629629629629,13.7544,2.0,credit_card
2023-01-09 16:05:00,2023-01-09 16:27:00,40.855735,-73.746567,40.844336,-73.77363,3.24,15.042300000000001,1.0,credit_card
2023-01-15 18:28:00,2023-01-15 19:25:00,40.886894,-73.814511,40.915255,-73.802373,3.4,17.62,1.0,credit_card
2023-01-24 01:05:00,2023-01-24 01:43:00,40.809383,-73.72028,40.822257,-74.02398,3.12,14.51,3.0,credit_card
2023-01-02 16:13:00,2023-01-02 17:02:00,40.841619,-73.99894,40.841769,-73.986403,1.38,8.857800000000001,1.0,cash
2023-01-05 20:35:00,2023-01-05 21:13:00,40.819938,-73.89121,40.802783,-73.887572,1.93,9.19,1.0,credit_card
2023-02-12 16:05:00,2023-02-12 16:32:00,40.781568,-73.859753,40.780962,-73.842101,1.95,10.41,3.0,credit_card
2023-01-16 11:32:00,2023-01-16 11:46:00,40.815206,-74.012082,40.830935,-73.997174,2.39,12.5552,5.0,credit_card
2023-01-07 15:57:00,2023-01-07 16:27:00,40.600628,-74.043085,40.582847,-74.02398,3.2,14.63,1.0,credit_card
2023-02-25 21:40:00,2023-02-25 21:56:00,40.612272,-73.851748,40.622641,-73.869926,2.31,13.35591,5.0,credit_card
2023-01-21 10:07:00,2023-01-21 10:58:00,40.754833,-73.928185,40.726311,-73.957715,4.53,18.1,1.0,cash
2023-02-09 06:58:00,2023-02-09 07:22:00,40.837795,-73.905479,40.835706,-73.908041,0.36,5.7855,1.0,cash
2023-01-01 10:19:00,2023-01-01 10:59:00,40.739544,-73.925255,40.740175,-73.941628,1.81,13.286700000000002,3.0,cash
2023-03-01 03:51:00,2023-03-01 04:11:00,40.730496,-73.709578,40.721142,-73.709177,1.03,7.182000000000001,1.0,cash
2023-02-18 14:25:00,2023-02-18 14:48:00,40.720836,-73.728635,40.742502,-73.736112,2.53,10.51,1.0,credit_card
2023-01-12 11:46:00,2023-01-12 11:49:00,40.636552,-74.02267,40.641207,-74.022427,0.51,3.6309,5.0,credit_card
2023-01-26 17:25:00,2023-01-26 18:21:00,40.757713,-73.751654,40.757977,-73.765498,1.53,13.7544,4.0,credit_card
2023-02-03 15:23:00,2023-02-03 16:00:00,40.733875,-73.814177,40.733052,-73.80757,0.73,6.384,4.0,credit_card
2023-01-12 20:54:00,2023-01-12 21:35:00,40.799018,-74.030638,40.809907,-74.023319,1.45,15.407459999999999,2.0,cash
2023-02-16 12:13:00,2023-02-16 12:22:00,40.764824,-73.715622,40.762141,-73.733087,1.95,8.3657,4.0,credit_card
2023-02-15 04:23:00,2023-02-15 05:01:00,40.608263,-73.75828,40.61229,-73.754231,0.63,9.392399999999999,4.0,credit_card
2023-02-09 04:21:00,2023-02-09 04:32:00,40.609575,-73.758561,40.596886,-73.761848,1.45,12.5046,4.0,credit_card
2023-01-18 14:31:00,2023-01-18 15:29:00,40.810408,-73.729524,40.79072,-73.701359,3.79,21.29688,1.0,credit_card
2023-01-07 13:29:00,2023-01-07 13:52:00,40.812274,-73.72762,40.831478,-73.714313,2.58,15.042300000000001,4.0,credit_card
2023-01-07 13:29:00,2023-01-07 13:52:00,40.812274,-73.72762,40.831478,-73.714313,2.58,15.042300000000001,4.0,credit_card
2023-02-09 16:03:00,2023-02-09 16:40:00,40.887982,-73.973322,40.877134,-73.992409,2.42,17.33337,5.0,dispute
2023-02-09 18:51:00,2023-02-09 19:31:00,40.863011,-73.721923,40.840551,-74.02398,3.54,13.7544,3.0,credit_card
2023-02-02 22:23:00,2023-02-02 22:49:00,40.740418,-74.033224,40.721474,-74.034603,2.1849629629629628,10.6932,4.0,credit_card
2023-02-20 03:35:00,2023-02-20 04:02:00,40.787772,-73.741499,40.782532,-73.720687,2.37,13.439699999999998,3.0,credit_card
2023-02-28 15:58:00,2023-02-28 16:55:00,40.737155,-73.890151,40.72428,-73.870296,2.61,15.139399999999998,2.0,credit_card
2023-02-21 21:19:00,2023-02-21 21:25:00,40.666884,-73.759091,40.678589,-73.78805,3.44,18.38007,2.0,unknown
2023-01-26 03:48:00,2023-01-26 04:36:00,40.713003,-73.954436,40.703997,-73.970416,2.02,13.7544,2.0,no_charge
2023-02-17 04:50:00,2023-02-17 05:42:00,40.799958,-73.768355,40.779985,-73.75217,2.84,17.4363,5.0,credit_card
2023-02-25 15:03:00,2023-02-25 15:08:00,40.657609,-74.021672,40.635804,-74.043552,3.41,16.2132,3.0,unknown
2023-02-25 23:19:00,2023-02-26 00:17:00,40.74264,-73.729955,40.767019,-73.747217,3.29,14.7497,4.0,credit_card
2023-01-15 09:34:00,2023-01-15 09:59:00,40.600628,-74.043085,40.582847,-74.02398,3.01,16.16112,1.0,cash
2023-01-03 15:33:00,2023-01-03 15:57:00,40.600628,-74.043085,40.582847,-74.02398,1.96,19.31517,3.0,credit_card
2023-02-26 22:30:00,2023-02-26 23:01:00,40.689574,-73.928963,40.6638,-73.899958,4.28,15.03,1.0,credit_card
2023-01-19 07:58:00,2023-01-19 08:54:00,40.882542,-73.885304,40.871153,-73.887787,1.29,7.044599999999999,3.0,no_charge
2023-02-11 10:52:00,2023-02-11 11:36:00,40.872653,-73.998423,40.895537,-73.997258,2.53,10.58,2.0,credit_card
2023-02-17 09:39:00,2023-02-17 10:23:00,40.6486,-73.875032,40.643951,-73.865898,1.13,11.08,1.0,credit_card
2023-03-01 10:48:00,2023-03-01 11:16:00,40.894335,-73.776013,40.883947,-73.801468,3.03,13.8768,4.0,credit_card
2023-02-11 16:22:00,2023-02-11 17:07:00,40.825224,-73.854561,40.812954,-73.860769,1.52,9.2276,2.0,credit_card
2023-02-02 20:22:00,2023-02-02 20:29:00,40.761993,-74.00328,40.76496,-73.978955,2.7,10.76,3.0,credit_card
2023-01-01 12:55:00,2023-01-01 13:05:00,40.879511,-73.759657,40.876647,-73.733064,2.95,13.7544,1.0,credit_card
2023-02-18 20:21:00,2023-02-18 20:37:00,40.864182,-73.791705,40.856676,-73.791989,0.83,13.383809999999999,1.0,no_charge
2023-01-22 11:14:00,2023-01-22 11:32:00,40.717395,-74.036926,40.712778,-74.013393,2.64,13.7544,5.0,no_charge
2023-01-08 00:08:00,2023-01-08 00:59:00,40.796903,-73.768291,40.782903,-73.768349,1.54,7.5874,4.0,credit_card
2023-01-05 00:25:00,2023-01-05 01:07:00,40.794216,-73.747164,40.775725,-73.718028,3.81,19.623399999999997,2.0,unknown
2023-01-01 07:59:00,2023-01-01 08:29:00,40.69809,-73.870667,40.680201,-73.853436,2.74,18.08703,1.0,credit_card
2023-02-14 19:39:00,2023-02-14 19:58:00,40.653817,-73.917492,40.626118,-73.897674,3.76,12.425399999999998,2.0,credit_card
2023-01-09 04:10:00,2023-01-09 05:01:00,40.740043,-74.020782,40.766779,-74.039596,3.61,22.050539999999998,1.0,credit_card
2023-01-22 18:01:00,2023-01-22 18:14:00,40.678984,-73.760103,40.706375,-73.789834,4.46,13.7544,5.0,no_charge
2023-02-09 18:54:00,2023-02-09 19:05:00,40.70652,-74.048719,40.682693,-74.048422,2.63,15.387199999999998,3.0,credit_card
2023-03-01 11:14:00,2023-03-01 11:29:00,40.886243,-73.92978,40.860672,-73.900811,4.26,13.7544,1.0,credit_card
2023-01-09 20:29:00,2023-01-09 20:59:00,40.738341,-73.935293,40.733317,-73.907257,3.14,18.23,3.0,credit_card
2023-02-08 09:47:00,2023-02-08 09:56:00,40.805467,-73.730796,40.821304,-73.723945,1.9,17.22177,2.0,dispute
2023-01-20 08:26:00,2023-01-20 08:33:00,40.700869,-73.892748,40.720431,-73.911669,3.0,11.63,2.0,credit_card
2023-02-16 10:42:00,2023-02-16 11:36:00,40.898758,-73.73897,40.870042,-73.768431,4.54,17.4876,3.0,no_charge
2023-01-08 23:29:00,2023-01-09 00:29:00,40.79763,-74.018747,40.784628,-74.018957,1.43,10.919300000000002,5.0,credit_card
2023-02-17 16:33:00,2023-02-17 16:53:00,40.658803,-73.753872,40.660921,-73.765756,1.33,6.423900000000001,5.0,cash
2023-01-31 08:40:00,2023-01-31 09:06:00,40.629455,-73.835668,40.607561,-73.84546,2.65,17.75205,3.0,cash
2023-02-06 01:43:00,2023-02-06 02:25:00,40.882954,-73.861728,40.911154,-73.841732,3.81,15.308300000000001,2.0,credit_card
2023-02-06 00:48:00,2023-02-06 01:25:00,40.883433,-73.942915,40.868511,-73.967555,3.18,10.9326,1.0,credit_card
2023-01-15 06:51:00,2023-01-15 07:44:00,40.786399,-73.878371,40.788281,-73.902929,4.4539629629629625,11.835399999999998,1.0,credit_card
2023-01-20 07:54:00,2023-01-20 08:47:00,40.600628,-74.043085,40.582847,-74.02398,2.61,14.3507,2.0,cash
2023-01-29 20:01:00,2023-01-29 20:53:00,40.66766,-73.890464,40.657995,-73.895657,1.21,13.7544,1.0,credit_card
2023-02-01 19:34:00,2023-02-01 20:10:00,40.840383,-73.780914,40.81777,-73.807081,3.81,16.048,2.0,unknown
2023-02-15 09:37:00,2023-02-15 10:03:00,40.862638,-73.831078,40.887349,-73.828348,2.74,20.920049999999996,3.0,credit_card
2023-02-09 19:59:00,2023-02-09 20:36:00,40.709656,-73.737724,40.712135,-73.708141,3.27,13.7544,1.0,credit_card
2023-01-24 04:40:00,2023-01-24 04:53:00,40.682268,-74.031471,40.673258,-74.057506,3.04,15.965399999999999,1.0,credit_card
2023-01-04 02:57:00,2023-01-04 03:37:00,40.635091,-73.98037,40.624501,-74.003325,2.79,13.7544,4.0,cash
2023-02-04 20:52:00,2023-02-04 21:13:00,40.634723,-73.796532,40.660144,-73.817027,3.6,15.25,5.0,credit_card
2023-01-17 14:04:00,2023-01-17 14:58:00,40.600628,-74.043085,40.582847,-74.02398,1.4,10.706500000000002,1.0,credit_card
2023-02-17 20:24:00,2023-02-17 21:14:00,40.662115,-73.792399,40.664232,-73.767937,2.71,12.581800000000001,5.0,unknown
2023-02-16 11:28:00,2023-02-16 11:41:00,40.829399,-73.99682,40.813709,-74.022565,3.33,15.93,1.0,credit_card
2023-02-19 16:24:00,2023-02-19 17:04:00,40.843094,-73.78518,40.829607,-73.776483,3.361481481481481,9.086,5.0,unknown
2023-01-09 09:46:00,2023-01-09 10:07:00,40.895238,-74.047357,40.880587,-74.075956,3.54,23.09724,4.0,dispute
2023-02-08 20:05:00,2023-02-08 20:19:00,40.668341,-74.034959,40.67502,-74.015916,2.23,11.06,3.0,cash
2023-01-03 06:34:00,2023-01-03 07:11:00,40.776825,-74.038181,40.792028,-74.036425,1.69,7.77,3.0,cash
2023-01-06 15:08:00,2023-01-06 15:25:00,40.776285,-73.865334,40.753091,-73.869062,2.59,17.584559999999996,3.0,credit_card
2023-01-20 03:17:00,2023-01-20 03:42:00,40.890209,-73.778222,40.918543,-73.764803,3.46,13.7544,5.0,dispute
2023-01-04 22:48:00,2023-01-04 23:39:00,40.7973,-73.908125,40.796625,-73.886634,2.37,21.394619999999996,5.0,cash
2023-02-07 03:50:00,2023-02-07 04:12:00,40.775471,-74.04887,40.749206,-74.022936,4.07,17.5028,1.0,unknown
2023-01-23 19:47:00,2023-01-23 20:22:00,40.755632,-73.988787,40.78203,-73.99889,3.12,11.7971,1.0,unknown
2023-02-27 05:09:00,2023-02-27 05:28:00,40.829397,-73.718023,40.815698,-73.736994,2.58,12.19,2.0,credit_card
2023-01-31 05:04:00,2023-01-31 05:16:00,40.631817,-73.964368,40.620399,-73.97455,1.69,11.464599999999999,1.0,cash
2023-02-20 15:46:00,2023-02-20 15:50:00,40.600628,-73.751315,40.598188,-73.722737,3.16,21.213179999999998,1.0,credit_card
2023-02-20 15:46:00,2023-02-20 15:50:00,40.600628,-73.751315,40.598188,-73.722737,3.16,21.213179999999998,1.0,credit_card
2023-02-12 18:51:00,2023-02-12 19:08:00,40.885747,-73.920364,40.875209,-73.944456,2.9,23.80896,1.0,credit_card
2023-01-31 17:22:00,2023-01-31 17:30:00,40.749597,-73.867546,40.730258,-73.840529,3.66,12.77,2.0,cash
2023-02-15 17:37:00,2023-02-15 17:49:00,40.698501,-73.878594,40.676128,-73.871486,2.59,18.65925,2.0,cash
2023-02-21 16:15:00,2023-02-21 17:06:00,40.710416,-74.002932,40.710997,-74.032351,3.25,21.14343,1.0,credit_card
2023-01-23 20:27:00,2023-01-23 21:04:00,40.600628,-74.043085,40.582847,-74.02398,3.7,13.7544,5.0,credit_card
2023-02-04 01:48:00,2023-02-04 02:06:00,40.714711,-73.700125,40.727301,-74.02398,1.83,10.27,1.0,cash
2023-01-12 04:53:00,2023-01-12 05:11:00,40.831051,-73.852556,40.821564,-73.873878,2.57,20.850299999999997,2.0,credit_card
2023-01-22 06:08:00,2023-01-22 06:17:00,40.732139,-73.887168,40.761696,-73.896687,3.42,16.904300000000003,1.0,credit_card
2023-02-21 17:10:00,2023-02-21 17:19:00,40.853223,-73.8578,40.826994,-73.835427,3.8,18.910439999999998,2.0,credit_card
2023-01-16 07:22:00,2023-01-16 08:15:00,40.622861,-73.957947,40.595776,-73.944229,3.35,17.19,5.0,credit_card
2023-01-07 17:59:00,2023-01-07 18:59:00,40.744338,-73.851772,40.729447,-73.862652,2.03,13.8852,1.0,credit_card
2023-01-16 05:21:00,2023-01-16 05:30:00,40.740055,-73.795088,40.731152,-73.777435,2.18,10.5203,1.0,cash
2023-01-10 13:33:00,2023-01-10 13:41:00,40.883084,-73.952543,40.902865,-73.949578,2.21,8.8711,4.0,credit_card
2023-01-09 05:22:00,2023-01-09 05:57:00,40.871509,-73.976877,40.884924,-73.950863,3.23,12.9328,3.0,credit_card
2023-01-09 18:08:00,2023-01-09 18:26:00,40.733079,-73.789292,40.752623,-73.793119,2.2,18.8406,5.0,cash
2023-02-21 21:00:00,2023-02-21 21:52:00,40.629148,-73.722517,40.642848,-73.719142,1.56,11.540399999999998,3.0,cash
2023-01-10 23:13:00,2023-01-10 23:39:00,40.681448,-73.828364,40.679318,-73.84614,1.97,9.3233,4.0,credit_card
2023-02-04 12:44:00,2023-02-04 12:48:00,40.745266,-74.039076,40.731852,-74.042132,1.52,6.7564,4.0,no_charge
2023-01-07 23:47:00,2023-01-07 23:51:00,40.701513,-74.003979,40.709281,-73.978776,0.3361481481481481,13.7544,4.0,credit_card
2023-02-26 08:30:00,2023-02-26 08:32:00,40.832241,-73.915442,40.824115,-73.906332,1.35,10.0016,3.0,credit_card
2023-02-03 06:14:00,2023-02-03 07:04:00,40.742808,-73.817463,40.716867,-73.80538,3.16,13.7544,1.0,credit_card
2023-02-03 06:33:00,2023-02-03 07:05:00,40.861111,-73.825885,40.882461,-73.79815,3.86,19.552599999999998,2.0,cash
2023-02-03 16:20:00,2023-02-03 16:24:00,40.898735,-73.982745,40.91878,-73.977411,2.29,14.695739999999997,4.0,credit_card
2023-01-06 22:31:00,2023-01-06 22:47:00,40.665951,-74.003486,40.66573,-73.981254,2.45,13.635,4.0,no_charge
2023-01-08 00:30:00,2023-01-08 01:08:00,40.783501,-73.721675,40.781462,-74.02398,3.27,12.81,4.0,cash
2023-02-20 22:18:00,2023-02-20 22:50:00,40.854251,-73.925624,40.831383,-73.915048,2.78,10.7,1.0,credit_card
2023-02-26 08:11:00,2023-02-26 08:44:00,40.883571,-73.888849,40.861125,-73.877762,2.76,13.7544,4.0,credit_card
2023-02-03 15:21:00,2023-02-03 16:17:00,40.687026,-74.016624,40.704891,-74.035762,2.89,20.64096,4.0,credit_card
2023-01-12 16:00:00,2023-01-12 16:40:00,40.818113,-73.731418,40.839353,-73.733634,2.36,13.1,3.0,credit_card
2023-02-25 08:54:00,2023-02-25 09:48:00,40.604505,-73.816194,40.574846,-73.801924,3.63,17.41,3.0,credit_card
2023-02-13 14:25:00,2023-02-13 14:30:00,40.863743,-73.87151,40.880777,-73.880955,2.15,13.26,5.0,credit_card
2023-01-25 02:01:00,2023-01-25 02:56:00,40.820019,-74.031987,40.81626,-74.060732,3.2,12.87,3.0,credit_card
2023-02-13 07:55:00,2023-02-13 08:24:00,40.898383,-73.974997,40.896913,-73.964873,1.13,8.52714,4.0,credit_card
2023-02-25 03:56:00,2023-02-25 04:21:00,40.750357,-73.750372,40.76314,-73.778376,3.4,16.3784,3.0,credit_card
2023-02-14 07:16:00,2023-02-14 07:52:00,40.6628,-73.832228,40.632944,-73.832933,3.29,15.0214,3.0,credit_card
2023-01-11 23:12:00,2023-01-11 23:36:00,40.778393,-73.982144,40.752155,-73.959181,3.85,23.320529999999998,5.0,credit_card
2023-02-23 07:49:00,2023-02-23 07:54:00,40.787245,-73.983779,40.807725,-73.964339,3.11,24.15789,2.0,credit_card
2023-01-19 11:47:00,2023-01-19 12:39:00,40.800422,-73.927456,40.830281,-73.914293,3.6,22.10634,4.0,cash
2023-01-06 14:43:00,2023-01-06 14:48:00,40.651784,-73.834646,40.636279,-73.813061,2.93,15.015699999999999,3.0,cash
2023-02-05 13:44:00,2023-02-05 14:44:00,40.869614,-73.860155,40.863621,-73.845249,1.77,12.235999999999999,4.0,credit_card
2023-02-03 02:39:00,2023-02-03 03:27:00,40.786297,-73.865538,40.798414,-73.894448,3.46,14.1911,2.0,credit_card
2023-01-12 04:39:00,2023-01-12 05:07:00,40.613071,-73.745874,40.622958,-73.747601,1.11,15.086429999999998,2.0,credit_card
2023-01-04 17:57:00,2023-01-04 18:54:00,40.805212,-73.748562,40.822236,-73.777681,3.72,16.4846,1.0,credit_card
2023-02-27 00:31:00,2023-02-27 00:42:00,40.658825,-73.754181,40.683673,-73.750876,2.76,9.55,1.0,credit_card
2023-02-27 19:28:00,2023-02-27 20:28:00,40.608202,-73.804142,40.594046,-73.819972,2.34,12.78369,5.0,credit_card
2023-02-06 05:29:00,2023-02-06 05:33:00,40.765286,-73.912642,40.766911,-73.916176,0.43,5.99,3.0,cash
2023-02-08 06:40:00,2023-02-08 06:45:00,40.843994,-73.95573,40.822424,-73.973488,3.08,12.5419,4.0,credit_card
2023-02-05 20:44:00,2023-02-05 21:13:00,40.600628,-74.043085,40.582847,-74.02398,3.76,19.1121,3.0,credit_card
2023-02-24 12:37:00,2023-02-24 13:34:00,40.631056,-74.03415,40.6465,-74.053091,2.7,11.8,1.0,credit_card
2023-01-26 01:32:00,2023-01-26 01:56:00,40.798913,-73.833566,40.780154,-73.843984,2.016888888888889,9.9883,1.0,credit_card
2023-01-29 02:23:00,2023-01-29 02:46:00,40.600628,-74.043085,40.582847,-74.02398,3.58,15.15,3.0,credit_card
2023-01-17 19:24:00,2023-01-17 19:38:00,40.891409,-73.707439,40.869596,-73.735865,3.95,14.0,5.0,credit_card
2023-02-15 19:28:00,2023-02-15 19:42:00,40.683606,-73.739927,40.68356,-73.742927,0.33,13.7544,4.0,credit_card
2023-02-26 09:43:00,2023-02-26 10:28:00,40.620995,-73.980235,40.640359,-74.008618,3.7816666666666663,21.22713,1.0,cash
2023-02-07 20:50:00,2023-02-07 21:13:00,40.755784,-73.955392,40.746614,-73.962102,1.25,13.900229999999999,2.0,credit_card
2023-02-23 05:52:00,2023-02-23 06:47:00,40.808294,-73.735944,40.781323,-73.729551,3.06,12.035999999999998,4.0,cash
2023-01-11 17:59:00,2023-01-11 18:52:00,40.673398,-74.011762,40.664043,-73.987161,2.9,14.4438,4.0,credit_card
2023-01-21 19:39:00,2023-01-21 19:57:00,40.701575,-73.984033,40.718493,-73.980813,1.9,10.6799,3.0,no_charge
2023-02-24 23:11:00,2023-02-24 23:49:00,40.769088,-73.837008,40.745112,-73.836102,2.65,15.56,2.0,cash
2023-01-10 18:39:00,2023-01-10 19:27:00,40.866003,-73.998545,40.854618,-74.025712,3.25,17.19387,1.0,cash
2023-02-26 10:21:00,2023-02-26 11:06:00,40.824198,-73.849609,40.845413,-73.857154,2.48,17.445059999999998,4.0,credit_card
2023-02-15 21:55:00,2023-02-15 22:44:00,40.662878,-73.848559,40.642594,-73.854943,2.35,13.1688,4.0,cash
2023-02-21 13:01:00,2023-02-21 13:45:00,40.675533,-73.841276,40.668852,-73.851856,1.38,14.877089999999999,5.0,unknown
2023-01-01 17:56:00,2023-01-01 18:29:00,40.757164,-73.962255,40.760415,-73.938901,2.6,13.7544,4.0,unknown
2023-01-11 10:56:00,2023-01-11 11:49:00,40.830688,-73.762622,40.811364,-73.768876,2.24,12.768,3.0,credit_card
2023-01-24 20:01:00,2023-01-24 20:28:00,40.600628,-74.043085,40.582847,-74.02398,2.33,10.626700000000001,1.0,credit_card
2023-01-24 20:01:00,2023-01-24 20:28:00,40.785629,-73.710345,40.797668,-73.727689,2.33,10.626700000000001,1.0,credit_card
2023-02-07 06:13:00,2023-02-07 06:41:00,40.750397,-73.95274,40.767276,-73.935639,2.65,20.222279999999998,4.0,credit_card
2023-01-24 20:25:00,2023-01-24 20:32:00,40.779138,-73.747077,40.787213,-73.728326,2.25,10.136199999999999,5.0,credit_card
2023-01-08 06:09:00,2023-01-08 06:31:00,40.826818,-73.947432,40.848526,-73.956707,2.6,11.491200000000001,4.0,credit_card
2023-01-27 23:20:00,2023-01-27 23:32:00,40.761124,-73.927876,40.738966,-73.908593,3.24,13.605399999999998,3.0,credit_card
2023-01-28 16:34:00,2023-01-28 17:27:00,40.869326,-73.775095,40.839524,-73.762755,3.56,21.14343,1.0,credit_card
2023-01-14 18:36:00,2023-01-14 19:28:00,40.88412,-74.001934,40.870137,-74.025334,3.01,11.0802,5.0,cash
2023-02-01 04:09:00,2023-02-01 05:01:00,40.874606,-74.028367,40.895008,-74.036279,2.41,13.4284,2.0,credit_card
2023-01-27 00:58:00,2023-01-27 01:47:00,40.826356,-73.914679,40.803974,-73.893554,3.39,14.6,3.0,credit_card
2023-01-31 21:31:00,2023-01-31 22:22:00,40.673896,-74.004611,40.689727,-74.012234,1.94,13.7544,1.0,credit_card
2023-02-08 12:40:00,2023-02-08 12:49:00,40.715581,-74.022157,40.741339,-74.000252,3.73,17.61,3.0,unknown
2023-01-04 07:44:00,2023-01-04 08:17:00,40.684,-73.843945,40.687646,-73.847218,0.54,6.87,5.0,cash
2023-02-20 11:46:00,2023-02-20 11:58:00,40.697266,-73.944685,40.682153,-73.951321,1.82,12.78369,1.0,credit_card
2023-02-03 04:01:00,2023-02-03 04:24:00,40.826317,-73.794819,40.839687,-73.788017,1.65,7.965,5.0,credit_card
2023-02-18 02:03:00,2023-02-18 02:23:00,40.634053,-74.017451,40.650861,-74.01601,1.86,14.891039999999998,3.0,credit_card
2023-01-16 09:37:00,2023-01-16 10:09:00,40.832609,-73.702111,40.831859,-74.02398,2.27,14.962399999999999,5.0,credit_card
2023-02-21 11:09:00,2023-02-21 11:15:00,40.775771,-73.941935,40.781936,-73.913894,3.17,15.75,5.0,credit_card
2023-01-07 18:42:00,2023-01-07 19:10:00,40.850617,-73.85903,40.82595,-73.871678,3.06,20.403719999999996,5.0,credit_card
2023-02-18 09:01:00,2023-02-18 09:44:00,40.729263,-73.772853,40.715843,-73.793596,2.72,10.88,1.0,credit_card
2023-01-30 03:59:00,2023-01-30 04:51:00,40.787489,-73.967048,40.762097,-73.977396,4.3699259259259255,22.985549999999996,2.0,credit_card
2023-01-17 06:17:00,2023-01-17 06:24:00,40.892701,-73.977806,40.916256,-73.995161,3.23,15.015699999999999,4.0,credit_card
2023-01-21 03:05:00,2023-01-21 03:42:00,40.826642,-73.917498,40.798493,-73.928182,3.32,18.5614,5.0,credit_card
2023-01-26 21:46:00,2023-01-26 22:19:00,40.763444,-73.792772,40.763254,-73.766674,2.88,10.4671,2.0,no_charge
2023-02-12 05:31:00,2023-02-12 06:07:00,40.65221,-73.799951,40.65357,-73.784748,1.68,13.50945,5.0,cash
2023-01-28 12:10:00,2023-01-28 12:35:00,40.871234,-73.986293,40.858381,-73.959081,3.32,12.142199999999999,1.0,unknown
2023-02-22 06:55:00,2023-02-22 07:05:00,40.661751,-73.883077,40.678649,-73.907875,3.31,13.7544,4.0,credit_card
2023-02-22 06:55:00,2023-02-22 07:05:00,40.661751,-73.883077,40.678649,-73.907875,3.31,13.7544,4.0,credit_card
2023-01-18 14:36:00,2023-01-18 15:00:00,40.795013,-73.809128,40.800386,-73.809884,0.6,7.398599999999999,2.0,cash
2023-03-01 04:16:00,2023-03-01 04:54:00,40.880942,-73.791648,40.862656,-73.76737,3.35,17.110079999999996,5.0,credit_card
2023-02-04 02:59:00,2023-02-04 03:11:00,40.667074,-73.827387,40.665345,-73.83102,0.44,9.123800000000001,5.0,dispute
2023-02-06 00:29:00,2023-02-06 00:52:00,40.667777,-73.981812,40.639179,-73.970452,3.39,15.56,1.0,cash
2023-02-06 18:07:00,2023-02-06 18:47:00,40.848297,-73.949043,40.86239,-73.964238,2.29,10.839500000000001,4.0,credit_card
2023-01-08 22:53:00,2023-01-08 23:36:00,40.705511,-73.920527,40.685847,-73.925117,2.23,11.039000000000001,1.0,credit_card
2023-01-16 23:21:00,2023-01-17 00:14:00,40.679529,-73.854526,40.707638,-73.865697,3.34,11.859,2.0,cash
2023-02-10 06:06:00,2023-02-10 06:23:00,40.638217,-73.749218,40.629709,-73.740585,1.34,6.36,1.0,cash
2023-02-28 19:25:00,2023-02-28 20:13:00,40.896381,-73.822622,40.908304,-73.803037,2.53,12.614199999999999,1.0,credit_card
2023-02-18 14:59:00,2023-02-18 15:19:00,40.850603,-73.804409,40.848351,-73.812924,0.97,9.3233,3.0,credit_card
2023-02-24 18:56:00,2023-02-24 19:38:00,40.869817,-73.974271,40.864385,-73.958478,1.84,11.8902,5.0,credit_card
2023-02-27 13:11:00,2023-02-27 13:35:00,40.754104,-73.926603,40.76418,-73.939794,1.83,12.672089999999999,4.0,cash
2023-02-14 16:23:00,2023-02-14 16:30:00,40.634315,-74.002087,40.641879,-74.007902,1.05,7.24,4.0,credit_card
2023-01-14 00:36:00,2023-01-14 01:02:00,40.615774,-73.792084,40.638386,-73.81995,3.96,14.04,2.0,credit_card
2023-02-18 22:55:00,2023-02-18 23:03:00,40.699175,-73.717935,40.67424,-73.739258,3.62,13.7544,5.0,credit_card
2023-02-12 10:58:00,2023-02-12 11:05:00,40.876099,-73.792796,40.876492,-73.81605,2.57,21.436469999999996,4.0,cash
2023-02-27 01:28:00,2023-02-27 02:23:00,40.884275,-74.006362,40.890736,-74.001746,0.88,7.49,4.0,credit_card
2023-01-02 05:11:00,2023-01-02 05:37:00,40.852349,-73.807322,40.86134,-73.799663,1.3,9.68544,5.0,credit_card
2023-01-03 07:41:00,2023-01-03 08:01:00,40.647604,-73.898371,40.655133,-73.925048,3.06,15.81219,2.0,credit_card
2023-01-08 01:26:00,2023-01-08 01:58:00,40.600628,-74.043085,40.582847,-74.02398,0.96,9.69,2.0,credit_card
2023-01-26 21:17:00,2023-01-26 21:38:00,40.673873,-73.700184,40.645738,-74.02398,3.53,16.1,5.0,cash
2023-02-12 03:45:00,2023-02-12 04:18:00,40.661605,-73.796556,40.674415,-73.796309,1.41,12.5552,1.0,credit_card
2023-01-02 15:11:00,2023-01-02 16:01:00,40.805448,-73.832147,40.778078,-73.834446,3.03,23.753159999999998,3.0,credit_card
2023-01-16 12:17:00,2023-01-16 12:53:00,40.745834,-73.744416,40.744076,-73.736359,0.91,5.240200000000001,5.0,unknown
2023-02-14 20:47:00,2023-02-14 21:42:00,40.697473,-73.936131,40.71062,-73.943181,1.65,7.5048,1.0,credit_card
2023-01-20 11:23:00,2023-01-20 11:38:00,40.630064,-73.816604,40.616475,-73.810151,1.66,7.965,4.0,credit_card
2023-01-10 09:47:00,2023-01-10 10:19:00,40.763429,-73.886102,40.735097,-73.860627,4.2,17.689000000000004,4.0,cash
2023-02-15 09:59:00,2023-02-15 10:40:00,40.717329,-73.860626,40.695675,-73.846361,2.86,15.953599999999998,1.0,credit_card
2023-01-02 14:03:00,2023-01-02 14:41:00,40.693153,-73.828832,40.703059,-73.806419,2.7,11.6584,1.0,cash
